OID_,RE_Code,PERCENT,BVG1M,BIODIVERSITY_STATUS,VM_CLASS,LAND_ZONE,Consultant,Veg_Class,Veg_Type,AreaHA,RE_ID,RE_Code_v11,Shape_Length,Shape_Area
1,10.3.6,100,17a,No concern at present,Least concern,3.000000000000000,Ecological Australia,Remnant,,12.570617112626485,10.3.6,10.3.6ax1,2844.176008550839015,125624.928345407504821
2,10.5.1d/10.5.1a,70/30,17c/17c,No concern at present,Least concern,5.000000000000000,Ecological Australia,Remnant,,18.039403674313011,,10.5.1d/10.5.1a,1954.605905139117795,180277.443657458090456
3,10.5.5a,100,17b,No concern at present,Least concern,5.000000000000000,Ecological Australia,Remnant,,42.352930329896651,10.5.5,10.5.5a,5653.831713780445170,423255.820169733604416
