OID_,RE_Code,PERCENT,BVG1M,BIODIVERSITY_STATUS,VM_CLASS,LAND_ZONE,Consultant,Veg_Class,Veg_Type,AreaHA,RE_ID,RE_Code_v11,Shape_Length,Shape_Area
1,10.3.6,100,17a,No concern at present,Least concern,3.000000000000000,Ecological Australia,Remnant,,25.179797017339641,10.3.6,10.3.6ax1,5596.589447698002914,251634.849448345135897
2,10.5.1a/10.5.1d,70/30,17c/17c,No concern at present,Least concern,5.000000000000000,Ecological Australia,Remnant,,11.488292593392142,,10.5.1a/10.5.1d,2615.251399630063133,114808.631727530038916
3,10.5.1d/10.5.1a,70/30,17c/17c,No concern at present,Least concern,5.000000000000000,Ecological Australia,Remnant,,27.378959479148016,,10.5.1d/10.5.1a,3122.063777901621961,273612.368863200827036
4,10.5.5a,100,17b,No concern at present,Least concern,5.000000000000000,Ecological Australia,Remnant,,125.784958844114371,10.5.5,10.5.5a,13950.856677512629176,1257034.468042451888323
5,10.3.6,100,17a,No concern at present,Least concern,3.000000000000000,Ecological Australia,Remnant,,3.090194705984766,10.3.6,10.3.6ax1,969.896417480003265,30881.810833943309262
6,10.3.6,100,17a,No concern at present,Least concern,3.000000000000000,Ecological Australia,Remnant,,0.999276159267640,10.3.6,10.3.6ax1,423.981008378366880,9986.269365561354789
7,10.5.1a/10.5.1d,70/30,17c/17c,No concern at present,Least concern,5.000000000000000,Ecological Australia,Remnant,,0.269779116941601,,10.5.1a/10.5.1d,379.207849329913472,2696.054486120503498
