OID_,RE_Code,PERCENT,BVG1M,BIODIVERSITY_STATUS,VM_CLASS,LAND_ZONE,Consultant,Veg_Class,Veg_Type,AreaHA,RE_ID,RE_Code_v11,Shape_Length,Shape_Area
1,10.3.6,100,17a,No concern at present,Least concern,3.000000000000000,Ecological Australia,Remnant,,0.778817068355617,10.3.6,10.3.6ax1,419.763246782077715,7783.106731825138013
2,10.5.1a/10.5.1d,70/30,17c/17c,No concern at present,Least concern,5.000000000000000,Ecological Australia,Remnant,,4.080422941808594,,10.5.1a/10.5.1d,1005.482237217285729,40777.370667847513687
3,10.5.5a,100,17b,No concern at present,Least concern,5.000000000000000,Ecological Australia,Remnant,,91.822380141885958,10.5.5,10.5.5a,10332.144330752147653,917620.631412823102437
4,10.3.6,100,17a,No concern at present,Least concern,3.000000000000000,Ecological Australia,Remnant,,1.389515483484755,10.3.6,10.3.6ax1,595.419916765132257,13886.102580508739265
5,10.3.6,100,17a,No concern at present,Least concern,3.000000000000000,Ecological Australia,Remnant,,0.016423259170705,10.3.6,10.3.6ax1,80.736346920385145,164.125345298982126
6,10.3.6,100,17a,No concern at present,Least concern,3.000000000000000,Ecological Australia,Remnant,,4.075706701634627,10.3.6,10.3.6ax1,995.493021246360058,40730.302653677885246
