OID_,RE_Code,PERCENT,BVG1M,BIODIVERSITY_STATUS,VM_CLASS,LAND_ZONE,Consultant,Veg_Class,Veg_Type,AreaHA,RE_ID,RE_Code_v11,Shape_Length,Shape_Area
1,10.5.1a/10.5.1d,70/30,17c/17c,No concern at present,Least concern,5.000000000000000,Ecological Australia,Remnant,,20.561154098045122,,10.5.1a/10.5.1d,2061.267785805111998,205476.068392617104109
2,10.5.5a,100,17b,No concern at present,Least concern,5.000000000000000,Ecological Australia,Remnant,,624.486721652046867,10.5.5,10.5.5a,10603.048062563510030,6240741.494626070372760
3,10.3.6,100,17a,No concern at present,Least concern,3.000000000000000,Ecological Australia,Remnant,,0.207337786200042,10.3.6,10.3.6ax1,243.461276647411921,2072.013112186521539
4,10.3.6,100,17a,No concern at present,Least concern,3.000000000000000,Ecological Australia,Remnant,,0.143271601306335,10.3.6,10.3.6ax1,263.464518991278908,1431.774645613090797
