OID_,RE_Code,PERCENT,BVG1M,BIODIVERSITY_STATUS,VM_CLASS,LAND_ZONE,Consultant,Veg_Class,Veg_Type,AreaHA,RE_ID,RE_Code_v11,Shape_Length,Shape_Area
1,10.3.6,100,17a,No concern at present,Least concern,3.000000000000000,Ecological Australia,Remnant,,44.851821646497214,10.3.6,10.3.6ax1,4447.792933288912536,448217.860944075277075
2,10.5.1a/10.5.1d,70/30,17c/17c,No concern at present,Least concern,5.000000000000000,E2M,Remnant,,1.202899806049962,,10.5.1a/10.5.1d,561.746833786914408,12020.956777973751741
3,10.5.5a,100,17b,No concern at present,Least concern,5.000000000000000,Ecological Australia,Remnant,,16.213289224690630,10.5.5,10.5.5a,1799.900496336478000,162024.444587626960129
4,10.5.5a,100,17b,No concern at present,Least concern,5.000000000000000,E2M,Remnant,,1.076189117778126,10.5.5,10.5.5a,527.229769850995012,10754.668701347822207
5,10.5.1a/10.5.1d,70/30,17c/17c,No concern at present,Least concern,5.000000000000000,Ecological Australia,Remnant,,31.010267119688535,,10.5.1a/10.5.1d,3243.520864827429705,309894.556598734227009
6,10.5.1a/10.5.1d,70/30,17c/17c,No concern at present,Least concern,5.000000000000000,Ecological Australia,Remnant,,83.114128371765418,,10.5.1a/10.5.1d,4090.875874407547599,830584.721798265003599
7,10.3.6,100,17a,No concern at present,Least concern,3.000000000000000,Ecological Australia,Remnant,,8.366747826521033,10.3.6,10.3.6ax1,1247.869602870482595,83611.416977165659773
