OID_,RE_Code,PERCENT,BVG1M,BIODIVERSITY_STATUS,VM_CLASS,LAND_ZONE,Consultant,Veg_Class,Veg_Type,AreaHA,RE_ID,RE_Code_v11,Shape_Length,Shape_Area
1,10.4.5,100,26a,Of concern,Least concern,4.000000000000000,Ecological Australia,Remnant,,12.602576154342135,10.4.5,10.4.5a,1814.352875774972063,125940.630606453298242
2,10.5.1a/10.5.1d,70/30,17c/17c,No concern at present,Least concern,5.000000000000000,E2M,Remnant,,0.280639438086181,,10.5.1a/10.5.1d,431.409763469672157,2804.518090707037118
3,10.7.4,100,19d,No concern at present,Least concern,7.000000000000000,Ecological Australia,Remnant,,13.190922371214603,10.7.4,10.7.4,2375.146285192121923,131820.238716454536188
4,10.5.5a,100,17b,No concern at present,Least concern,5.000000000000000,E2M,Remnant,,18.791002130497962,10.5.5,10.5.5a,2130.844953480602271,187783.716837391140871
5,10.5.1a/10.5.1d,70/30,17c/17c,No concern at present,Least concern,5.000000000000000,Ecological Australia,Remnant,,21.346958267394069,,10.5.1a/10.5.1d,2355.392382272567829,213326.011928064137464
6,10.5.1a/10.5.1d,70/30,17c/17c,No concern at present,Least concern,5.000000000000000,Ecological Australia,Remnant,,59.124506918081522,,10.5.1a/10.5.1d,3224.714875115213545,590849.052034368622117
7,10.3.6,100,17a,No concern at present,Least concern,3.000000000000000,Ecological Australia,Remnant,,1.300942345621081,10.3.6,10.3.6ax1,716.680840838494646,13000.708577863895698
8,10.5.1a/10.5.1d,70/30,17c/17c,No concern at present,Least concern,5.000000000000000,Ecological Australia,Remnant,,9.598084958917186,,10.5.1a/10.5.1d,1738.904920885539923,95916.228096027814900
