OID_,RE_Code,PERCENT,BVG1M,BIODIVERSITY_STATUS,VM_CLASS,LAND_ZONE,Consultant,Veg_Class,Veg_Type,AreaHA,RE_ID,RE_Code_v11,Shape_Length,Shape_Area
1,10.3.6,100,17a,No concern at present,Least concern,3.000000000000000,Ecological Australia,Remnant,,16.915767809167271,10.3.6,10.3.6ax1,2833.242157052836319,169044.743966597132385
2,10.5.1a/10.5.1d,70/30,17c/17c,No concern at present,Least concern,5.000000000000000,Ecological Australia,Remnant,,62.644897414765204,,10.5.1a/10.5.1d,4904.501743344803799,626027.076162547455169
3,10.5.5a,100,17b,No concern at present,Least concern,5.000000000000000,Ecological Australia,Remnant,,27.854889076409496,10.5.5,10.5.5a,4214.685514554918882,278363.412211388058495
4,10.5.5a,100,17b,No concern at present,Least concern,5.000000000000000,Ecological Australia,Remnant,,25.599113880514047,10.5.5,10.5.5a,4408.297592424865798,255819.298424501728732
