OID_,RE_Code,PERCENT,BVG1M,BIODIVERSITY_STATUS,VM_CLASS,LAND_ZONE,Consultant,Veg_Class,Veg_Type,AreaHA,RE_ID,RE_Code_v11,Shape_Length,Shape_Area
1,10.3.6,100,17a,No concern at present,Least concern,3.000000000000000,Ecological Australia,Remnant,,11.202927386973764,10.3.6,10.3.6ax1,2117.937140116903720,111956.802170841270708
2,10.5.1d/10.5.1a,70/30,17c/17c,No concern at present,Least concern,5.000000000000000,Ecological Australia,Remnant,,0.826344489703089,,10.5.1d/10.5.1a,582.650858649366228,8258.099032803716909
3,10.5.5a,100,17b,No concern at present,Least concern,5.000000000000000,Ecological Australia,Remnant,,32.721378059336516,10.5.5,10.5.5a,4565.253342726389747,327001.895904447883368
