OID_,RE_Code,PERCENT,BVG1M,BIODIVERSITY_STATUS,VM_CLASS,LAND_ZONE,Consultant,Veg_Class,Veg_Type,AreaHA,RE_ID,RE_Code_v11,Shape_Length,Shape_Area
1,10.3.6,100,17a,No concern at present,Least concern,3.000000000000000,Ecological Australia,Remnant,,0.365721648981450,10.3.6,10.3.6ax1,255.221914984827833,3654.764601846361984
2,10.5.5a,100,17b,No concern at present,Least concern,5.000000000000000,E2M,Remnant,,2.589913737198637,10.5.5,10.5.5a,710.577331355984825,25881.749445251640282
3,10.5.1a/10.5.1d,70/30,17c/17c,No concern at present,Least concern,5.000000000000000,Ecological Australia,Remnant,,11.117713381959836,,10.5.1a/10.5.1d,1432.755690428914704,111102.493022592272609
4,10.5.1a/10.5.1d,70/30,17c/17c,No concern at present,Least concern,5.000000000000000,Ecological Australia,Remnant,,56.423873708495975,,10.5.1a/10.5.1d,2807.371381344096790,563860.959446996450424
