OID_,RE_Code,PERCENT,BVG1M,BIODIVERSITY_STATUS,VM_CLASS,LAND_ZONE,Consultant,Veg_Class,Veg_Type,AreaHA,RE_ID,RE_Code_v11,Shape_Length,Shape_Area
1,10.3.6,100,17a,No concern at present,Least concern,3.000000000000000,Ecological Australia,Remnant,,36.011810426506578,10.3.6,10.3.6ax1,4140.054286367478198,359876.997357572079636
2,10.5.1a/10.5.1d,70/30,17c/17c,No concern at present,Least concern,5.000000000000000,E2M,Remnant,,5.267811371818563,,10.5.1a/10.5.1d,1157.514505672192854,52642.917401633225381
3,10.5.5a,100,17b,No concern at present,Least concern,5.000000000000000,Ecological Australia,Remnant,,8.416093607864552,10.5.5,10.5.5a,1321.116275327199446,84104.628540760590113
4,10.5.5a,100,17b,No concern at present,Least concern,5.000000000000000,E2M,Remnant,,0.957783458962203,10.5.5,10.5.5a,510.351522337660128,9571.406607114000508
5,10.5.1a/10.5.1d,70/30,17c/17c,No concern at present,Least concern,5.000000000000000,Ecological Australia,Remnant,,29.387289726336224,,10.5.1a/10.5.1d,3128.623145858761291,293675.691376078175381
6,10.5.1a/10.5.1d,70/30,17c/17c,No concern at present,Least concern,5.000000000000000,Ecological Australia,Remnant,,80.893678195239289,,10.5.1a/10.5.1d,3574.481733836812055,808395.327701573027298
