OID_,RE_Code,PERCENT,BVG1M,BIODIVERSITY_STATUS,VM_CLASS,LAND_ZONE,Consultant,Veg_Class,Veg_Type,AreaHA,RE_ID,RE_Code_v11,Shape_Length,Shape_Area
1,10.5.1a/10.5.1d,70/30,17c/17c,No concern at present,Least concern,5.000000000000000,Ecological Australia,Remnant,,81.534079395518958,,10.5.1a/10.5.1d,4890.051562176653533,814801.573379740002565
2,10.5.5a,100,17b,No concern at present,Least concern,5.000000000000000,Ecological Australia,Remnant,,229.900184868659778,10.5.5,10.5.5a,10280.559552957580308,2297484.483872381970286
3,10.5.5a,100,17b,No concern at present,Least concern,5.000000000000000,Ecological Australia,Remnant,,0.054860297123746,10.5.5,10.5.5a,147.954488734073294,548.238941351747485
4,10.3.6,100,17a,No concern at present,Least concern,3.000000000000000,Ecological Australia,Remnant,,0.458506425974634,10.3.6,10.3.6ax1,286.852065078112844,4582.048431244364110
5,10.3.6,100,17a,No concern at present,Least concern,3.000000000000000,Ecological Australia,Remnant,,1.200411643053789,10.3.6,10.3.6ax1,449.883214663189619,11996.199495035445580
6,10.3.6,100,17a,No concern at present,Least concern,3.000000000000000,Ecological Australia,Remnant,,17.159968216979223,10.3.6,10.3.6ax1,3796.889240521144529,171486.367958756396547
