OID_,RE_Code,PERCENT,BVG1M,BIODIVERSITY_STATUS,VM_CLASS,LAND_ZONE,Consultant,Veg_Class,Veg_Type,AreaHA,RE_ID,RE_Code_v11,Shape_Length,Shape_Area
1,10.3.6,100,17a,No concern at present,Least concern,3.000000000000000,Ecological Australia,Remnant,,16.512264325933629,10.3.6,10.3.6ax1,3972.606859838799210,165015.952127629308961
2,10.5.1d/10.5.1a,70/30,17c/17c,No concern at present,Least concern,5.000000000000000,Ecological Australia,Remnant,,1.005650907620891,,10.5.1d/10.5.1a,1208.374446505945343,10050.006951828165256
3,10.5.5a,100,17b,No concern at present,Least concern,5.000000000000000,Ecological Australia,Remnant,,65.567754009232814,10.5.5,10.5.5a,8755.352956530938172,655253.765549584757537
4,10.3.6,100,17a,No concern at present,Least concern,3.000000000000000,Ecological Australia,Remnant,,0.383759518168130,10.3.6,10.3.6ax1,300.703737566615644,3835.102517660346621
