OID_,RE_Code,PERCENT,BVG1M,BIODIVERSITY_STATUS,VM_CLASS,LAND_ZONE,Consultant,Veg_Class,Veg_Type,AreaHA,RE_ID,RE_Code_v11,Shape_Length,Shape_Area
1,10.5.1a/10.5.1d,70/30,17c/17c,No concern at present,Least concern,5.000000000000000,Ecological Australia,Remnant,,6.764404509867009,,10.5.1a/10.5.1d,1207.881177379470500,67599.505219381404459
2,10.5.1a/10.5.1d,70/30,17c/17c,No concern at present,Least concern,5.000000000000000,Ecological Australia,Remnant,,53.836736716815082,,10.5.1a/10.5.1d,4618.376377321648761,538016.378746518399566
3,10.5.5a,100,17b,No concern at present,Least concern,5.000000000000000,Ecological Australia,Remnant,,1103.771986510015040,10.5.5,10.5.5a,14964.010665036190403,11030470.222721118479967
4,10.3.6,100,17a,No concern at present,Least concern,3.000000000000000,Ecological Australia,Remnant,,0.027294917909953,10.3.6,10.3.6ax1,146.734851928820916,272.770138627688652
5,10.3.6,100,17a,No concern at present,Least concern,3.000000000000000,Ecological Australia,Remnant,,0.049736961297792,10.3.6,10.3.6ax1,98.230020070155916,497.044349989582599
