OID_,RE_Code,PERCENT,BVG1M,BIODIVERSITY_STATUS,VM_CLASS,LAND_ZONE,Consultant,Veg_Class,Veg_Type,AreaHA,RE_ID,RE_Code_v11,Shape_Length,Shape_Area
1,10.3.6,100,17a,No concern at present,Least concern,3.000000000000000,Ecological Australia,Remnant,,15.678573223956851,10.3.6,10.3.6ax1,2820.921598928387539,156684.118389516166644
2,10.5.1d/10.5.1a,70/30,17c/17c,No concern at present,Least concern,5.000000000000000,Ecological Australia,Remnant,,4.345372962278557,,10.5.1d/10.5.1a,1434.511236288326472,43425.574680362005893
3,10.5.5a,100,17b,No concern at present,Least concern,5.000000000000000,Ecological Australia,Remnant,,53.073792085312689,10.5.5,10.5.5a,6417.531368888870929,530393.827095323824324
4,10.3.6,100,17a,No concern at present,Least concern,3.000000000000000,Ecological Australia,Remnant,,0.999276159267640,10.3.6,10.3.6ax1,423.981008378366880,9986.269365561354789
