OID_,RE_Code,PERCENT,BVG1M,BIODIVERSITY_STATUS,VM_CLASS,LAND_ZONE,Consultant,Veg_Class,Veg_Type,AreaHA,RE_ID,RE_Code_v11,Shape_Length,Shape_Area
1,10.3.6,100,17a,No concern at present,Least concern,3.000000000000000,Ecological Australia,Remnant,,19.310705762189894,10.3.6,10.3.6ax1,3934.587780348080287,192981.921272788051283
2,10.5.1a/10.5.1d,70/30,17c/17c,No concern at present,Least concern,5.000000000000000,Ecological Australia,Remnant,,0.739759900377940,,10.5.1a/10.5.1d,569.809963214363506,7392.828618204539453
3,10.5.1d/10.5.1a,70/30,17c/17c,No concern at present,Least concern,5.000000000000000,Ecological Australia,Remnant,,6.699218305583588,,10.5.1d/10.5.1a,1625.267341237666187,66948.786892068892485
4,10.5.5a,100,17b,No concern at present,Least concern,5.000000000000000,Ecological Australia,Remnant,,106.508955554628074,10.5.5,10.5.5a,11502.668319425931259,1064398.800798771670088
5,10.3.6,100,17a,No concern at present,Least concern,3.000000000000000,Ecological Australia,Remnant,,1.155257455699063,10.3.6,10.3.6ax1,965.476977822982008,11545.017444232153139
6,10.3.6,100,17a,No concern at present,Least concern,3.000000000000000,Ecological Australia,Remnant,,2.843498640208677,10.3.6,10.3.6ax1,913.750760259328104,28416.459564970020438
7,10.3.6,100,17a,No concern at present,Least concern,3.000000000000000,Ecological Australia,Remnant,,0.999276159267640,10.3.6,10.3.6ax1,423.981008378366880,9986.269365561354789
8,10.5.1a/10.5.1d,70/30,17c/17c,No concern at present,Least concern,5.000000000000000,Ecological Australia,Remnant,,5.103505286173902,,10.5.1a/10.5.1d,878.566151627149452,51002.221667033350968
