OID_,RE_Code,PERCENT,BVG1M,BIODIVERSITY_STATUS,VM_CLASS,LAND_ZONE,Consultant,Veg_Class,Veg_Type,AreaHA,RE_ID,RE_Code_v11,Shape_Length,Shape_Area
1,10.3.6ax1/10.5.1/10.7.4,,,,,,Ecological Australia,Remnant,,1.782215147218055,,,563.669330948772426,17809.878972960133979
2,10.4.3a,100,25a,Endangered,Least concern,4.000000000000000,Ecological Australia,Remnant,,2.152658189647082,10.4.3,10.4.3a,604.810982261018808,21511.756601199347642
3,10.5.1a/10.5.1d,70/30,17c/17c,No concern at present,Least concern,5.000000000000000,Ecological Australia,Remnant,,7.058703758344878,,10.5.1a/10.5.1d,2622.802552868182829,70538.636119148577563
4,10.5.5a,100,17b,No concern at present,Least concern,5.000000000000000,Ecological Australia,Remnant,,140.846794262767901,10.5.5,10.5.5a,6120.970513051492162,1407503.174045632593334
5,10.7.4,100,19d,No concern at present,Least concern,7.000000000000000,Ecological Australia,Remnant,,1.430903588314537,10.7.4,10.7.4,634.266166611712833,14299.187469820697515
6,10.3.6,100,17a,No concern at present,Least concern,3.000000000000000,Ecological Australia,Remnant,,5.727998076055794,10.3.6,10.3.6ax1,987.282533651388349,57240.618086996786587
