OID_,RE_Code,PERCENT,BVG1M,BIODIVERSITY_STATUS,VM_CLASS,LAND_ZONE,Consultant,Veg_Class,Veg_Type,AreaHA,RE_ID,RE_Code_v11,Shape_Length,Shape_Area
1,10.3.6,100,17a,No concern at present,Least concern,3.000000000000000,Ecological Australia,Remnant,,12.861498935769715,10.3.6,10.3.6ax1,2530.673167404247124,128528.857872254258837
2,10.4.5,100,26a,Of concern,Least concern,4.000000000000000,Ecological Australia,Remnant,,26.833849613443483,10.4.5,10.4.5a,3084.470026740908907,268157.173363658541348
3,10.5.1a/10.5.1d,70/30,17c/17c,No concern at present,Least concern,5.000000000000000,E2M,Remnant,,1.742178511372691,,10.5.1a/10.5.1d,696.960614221826177,17410.140318837358791
4,10.7.4,100,19d,No concern at present,Least concern,7.000000000000000,Ecological Australia,Remnant,,50.449988470263428,10.7.4,10.7.4,6484.452995525010010,504159.213639873953070
5,10.5.5a,100,17b,No concern at present,Least concern,5.000000000000000,E2M,Remnant,,55.027781273567086,10.5.5,10.5.5a,3379.640026913363272,549907.350828553084284
6,10.5.1a/10.5.1d,70/30,17c/17c,No concern at present,Least concern,5.000000000000000,Ecological Australia,Remnant,,73.731365385221395,,10.5.1a/10.5.1d,3736.808894324333323,736817.841139885596931
7,10.5.1a/10.5.1d,70/30,17c/17c,No concern at present,Least concern,5.000000000000000,Ecological Australia,Remnant,,84.124150303702308,,10.5.1a/10.5.1d,3805.245320806516247,840678.206022402970120
8,10.3.6,100,17a,No concern at present,Least concern,3.000000000000000,Ecological Australia,Remnant,,0.152447172609810,10.3.6,10.3.6ax1,210.878629328353725,1523.450533687312145
9,10.5.1a/10.5.1d,70/30,17c/17c,No concern at present,Least concern,5.000000000000000,Ecological Australia,Remnant,,13.653372023884957,,10.5.1a/10.5.1d,2954.225443480499052,136441.715748611022718
