OID_,RE_Code,PERCENT,BVG1M,BIODIVERSITY_STATUS,VM_CLASS,LAND_ZONE,Consultant,Veg_Class,Veg_Type,AreaHA,RE_ID,RE_Code_v11,Shape_Length,Shape_Area
1,10.5.1a/10.5.1d,70/30,17c/17c,No concern at present,Least concern,5.000000000000000,Ecological Australia,Remnant,,42.034049453404982,,10.5.1a/10.5.1d,3542.863147970349019,420061.698777252575383
2,10.5.5a,100,17b,No concern at present,Least concern,5.000000000000000,Ecological Australia,Remnant,,369.555669737655705,10.5.5,10.5.5a,14974.566335325924229,3693122.865025189705193
3,10.5.5a,100,17b,No concern at present,Least concern,5.000000000000000,Ecological Australia,Remnant,,0.785136084677613,10.5.5,10.5.5a,353.286276987050655,7846.142620467335291
