OID_,RE_Code,PERCENT,BVG1M,BIODIVERSITY_STATUS,VM_CLASS,LAND_ZONE,Consultant,Veg_Class,Veg_Type,AreaHA,RE_ID,RE_Code_v11,Shape_Length,Shape_Area
1,10.3.6,100,17a,No concern at present,Least concern,3.000000000000000,Ecological Australia,Remnant,,8.161458193833267,10.3.6,10.3.6ax1,2658.241447876592247,81560.547411780164111
2,10.3.6,100,17a,No concern at present,Least concern,3.000000000000000,Ecological Australia,Remnant,,59.206435778896903,10.3.6,10.3.6ax1,10591.906017095117932,591668.077688106568530
3,10.5.1a/10.5.1d,70/30,17c/17c,No concern at present,Least concern,5.000000000000000,Ecological Australia,Remnant,,163.285222716713520,,10.5.1a/10.5.1d,9870.622501466521499,1631751.984738506376743
4,10.5.1d/10.5.1a,70/30,17c/17c,No concern at present,Least concern,5.000000000000000,Ecological Australia,Remnant,,99.761622210716027,,10.5.1d/10.5.1a,7406.720835753209030,996961.538894221535884
5,10.5.5a,100,17b,No concern at present,Least concern,5.000000000000000,Ecological Australia,Remnant,,1021.141192294468965,10.5.5,10.5.5a,25570.505010948472773,10204637.420291231945157
6,10.5.5a,100,17b,No concern at present,Least concern,5.000000000000000,Ecological Australia,Remnant,,244.695728630931200,10.5.5,10.5.5a,15314.828141672032871,2445312.075683104339987
7,10.3.6,100,17a,No concern at present,Least concern,3.000000000000000,Ecological Australia,Remnant,,6.573602422702468,10.3.6,10.3.6ax1,1177.518622676029054,65692.471588021202479
8,10.3.6,100,17a,No concern at present,Least concern,3.000000000000000,Ecological Australia,Remnant,,2.851053733579708,10.3.6,10.3.6ax1,806.074301603982917,28491.534792848298821
9,10.5.1d/10.5.1a,70/30,17c/17c,No concern at present,Least concern,5.000000000000000,Ecological Australia,Remnant,,69.113304829063026,,10.5.1d/10.5.1a,3410.316397401499216,690679.114166838349774
