OID_,RE_Code,PERCENT,BVG1M,BIODIVERSITY_STATUS,VM_CLASS,LAND_ZONE,Consultant,Veg_Class,Veg_Type,AreaHA,RE_ID,RE_Code_v11,Shape_Length,Shape_Area
1,10.3.6,100,17a,No concern at present,Least concern,3.000000000000000,Ecological Australia,Remnant,,25.397086943287622,10.3.6,10.3.6ax1,2697.266229930169629,253800.929089000012027
2,10.5.1a/10.5.1d,70/30,17c/17c,No concern at present,Least concern,5.000000000000000,E2M,Remnant,,7.051597018764105,,10.5.1a/10.5.1d,1272.422421277809917,70468.859488396163215
3,10.7.4,100,19d,No concern at present,Least concern,7.000000000000000,Ecological Australia,Remnant,,0.943065697269580,10.7.4,10.7.4,436.605934853488634,9424.301480155132595
4,10.5.5a,100,17b,No concern at present,Least concern,5.000000000000000,Ecological Australia,Remnant,,0.167679042873438,10.5.5,10.5.5a,607.474475249651164,1675.669840123078529
5,10.5.5a,100,17b,No concern at present,Least concern,5.000000000000000,E2M,Remnant,,31.245009001649485,10.5.5,10.5.5a,2252.613174667026215,312240.000728620216250
6,10.5.1a/10.5.1d,70/30,17c/17c,No concern at present,Least concern,5.000000000000000,Ecological Australia,Remnant,,45.750529339043801,,10.5.1a/10.5.1d,2860.212951615311795,457197.933580303099006
7,10.5.1a/10.5.1d,70/30,17c/17c,No concern at present,Least concern,5.000000000000000,Ecological Australia,Remnant,,89.001267812850543,,10.5.1a/10.5.1d,4014.570637239820826,889416.863149017211981
8,10.3.6,100,17a,No concern at present,Least concern,3.000000000000000,Ecological Australia,Remnant,,0.008599486321276,10.3.6,10.3.6ax1,72.159338640804975,85.937262932533116
9,10.5.1a/10.5.1d,70/30,17c/17c,No concern at present,Least concern,5.000000000000000,Ecological Australia,Remnant,,9.051565819604665,,10.5.1a/10.5.1d,1568.620041335667338,90454.720862753150868
