OID_,RE_Code,PERCENT,BVG1M,BIODIVERSITY_STATUS,VM_CLASS,LAND_ZONE,Consultant,Veg_Class,Veg_Type,AreaHA,RE_ID,RE_Code_v11,Shape_Length,Shape_Area
1,10.5.1a/10.5.1d,70/30,17c/17c,No concern at present,Least concern,5.000000000000000,Ecological Australia,Remnant,,4.231592385139711,,10.5.1a/10.5.1d,1074.296336092540514,42288.310531980125234
2,10.5.5a,100,17b,No concern at present,Least concern,5.000000000000000,Ecological Australia,Remnant,,47.472729680782408,10.5.5,10.5.5a,3700.937901617986881,474416.998002574720886
3,10.3.6,100,17a,No concern at present,Least concern,3.000000000000000,Ecological Australia,Remnant,,0.088342984931107,10.3.6,10.3.6ax1,145.026344981105041,882.851611277687198
4,10.3.6,100,17a,No concern at present,Least concern,3.000000000000000,Ecological Australia,Remnant,,3.762158319138407,10.3.6,10.3.6ax1,817.817898435959705,37596.984430253076425
