OID_,RE_Code,PERCENT,BVG1M,BIODIVERSITY_STATUS,VM_CLASS,LAND_ZONE,Consultant,Veg_Class,Veg_Type,AreaHA,RE_ID,RE_Code_v11,Shape_Length,Shape_Area
1,10.3.6,100,17a,No concern at present,Least concern,3.000000000000000,Ecological Australia,Remnant,,9.977566399066198,10.3.6,10.3.6ax1,2804.140098325936378,99711.211760160615086
2,10.5.1a/10.5.1d,70/30,17c/17c,No concern at present,Least concern,5.000000000000000,Ecological Australia,Remnant,,0.363646866856356,,10.5.1a/10.5.1d,221.074902668616176,3634.119192253112033
3,10.5.1d/10.5.1a,70/30,17c/17c,No concern at present,Least concern,5.000000000000000,Ecological Australia,Remnant,,32.957079032896345,,10.5.1d/10.5.1a,2974.633072470786828,329357.831075138761662
4,10.5.5a,100,17b,No concern at present,Least concern,5.000000000000000,Ecological Australia,Remnant,,28.768217813876074,10.5.5,10.5.5a,5520.075244191300044,287496.441975447232835
