OID_,RE_Code,PERCENT,BVG1M,BIODIVERSITY_STATUS,VM_CLASS,LAND_ZONE,Consultant,Veg_Class,Veg_Type,AreaHA,RE_ID,RE_Code_v11,Shape_Length,Shape_Area
1,10.4.3a,100,25a,Endangered,Least concern,4.000000000000000,Ecological Australia,Remnant,,0.058388004926638,10.4.3,10.4.3a,108.694320801280369,583.480258560467519
2,10.5.1a/10.5.1d,70/30,17c/17c,No concern at present,Least concern,5.000000000000000,Ecological Australia,Remnant,,19.669658478251375,,10.5.1a/10.5.1d,2864.899143288880623,196562.016785479005193
3,10.5.1a/10.5.1d,70/30,17c/17c,No concern at present,Least concern,5.000000000000000,Ecological Australia,Remnant,,38.749321987798126,,10.5.1a/10.5.1d,2783.941125804343756,387229.456495416874532
4,10.5.1a/10.5.1d,70/30,17c/17c,No concern at present,Least concern,5.000000000000000,Ecological Australia,Remnant,,122.686933894660996,,10.5.1a/10.5.1d,7922.474828901050387,1226041.336520791752264
5,10.5.5a,100,17b,No concern at present,Least concern,5.000000000000000,Ecological Australia,Remnant,,425.412142362341172,10.5.5,10.5.5a,21346.572760251427098,4251222.629853641614318
6,10.3.6,100,17a,No concern at present,Least concern,3.000000000000000,Ecological Australia,Remnant,,22.380362061462524,10.3.6,10.3.6ax1,4129.927226481979233,223649.943683742865687
