OID_,RE_Code,PERCENT,BVG1M,BIODIVERSITY_STATUS,VM_CLASS,LAND_ZONE,Consultant,Veg_Class,Veg_Type,AreaHA,RE_ID,RE_Code_v11,Shape_Length,Shape_Area
1,10.5.1a,100,17c,No concern at present,Least concern,5.000000000000000,Ecological Australia,Remnant,,1.044772087560288,10.5.1,10.5.1a,634.260947761642001,10440.934913556948231
2,10.5.1a/10.5.1d,70/30,17c/17c,No concern at present,Least concern,5.000000000000000,Ecological Australia,Remnant,,5.766557176386023,,10.5.1a/10.5.1d,1162.376276961160329,57627.603990188392345
3,10.5.1a/10.5.1d,70/30,17c/17c,No concern at present,Least concern,5.000000000000000,Ecological Australia,Remnant,,31.679229152956552,,10.5.1a/10.5.1d,2610.625414489126797,316585.800797109957784
4,10.5.1a/10.5.1d,70/30,17c/17c,No concern at present,Least concern,5.000000000000000,Ecological Australia,Remnant,,2.232321372373699,,10.5.1a/10.5.1d,1333.166280559555162,22308.739537152690900
5,10.5.5a,100,17b,No concern at present,Least concern,5.000000000000000,Ecological Australia,Remnant,,536.397747644838432,10.5.5,10.5.5a,17967.135046781764686,5360472.567717868834734
6,10.3.6,100,17a,No concern at present,Least concern,3.000000000000000,Ecological Australia,Remnant,,7.099298452193564,10.3.6,10.3.6ax1,1822.545417938477840,70946.426906347449403
7,10.3.6,100,17a,No concern at present,Least concern,3.000000000000000,Ecological Australia,Remnant,,3.762158319138407,10.3.6,10.3.6ax1,817.817898435959705,37596.984430253076425
