OID_,RE_Code,PERCENT,BVG1M,BIODIVERSITY_STATUS,VM_CLASS,LAND_ZONE,Consultant,Veg_Class,Veg_Type,AreaHA,RE_ID,RE_Code_v11,Shape_Length,Shape_Area
1,10.5.1a/10.5.1d,70/30,17c/17c,No concern at present,Least concern,5.000000000000000,Ecological Australia,Remnant,,1.645912640913200,,10.5.1a/10.5.1d,846.924048074146413,16447.841800158363185
2,10.5.5a,100,17b,No concern at present,Least concern,5.000000000000000,Ecological Australia,Remnant,,96.664562986363975,10.5.5,10.5.5a,4578.390936876304295,965983.110695607378148
3,10.3.6,100,17a,No concern at present,Least concern,3.000000000000000,Ecological Australia,Remnant,,3.707403243878924,10.3.6,10.3.6ax1,841.681408278421827,37048.559627015427395
