OID_,RE_Code,PERCENT,BVG1M,BIODIVERSITY_STATUS,VM_CLASS,LAND_ZONE,Consultant,Veg_Class,Veg_Type,AreaHA,RE_ID,RE_Code_v11,Shape_Length,Shape_Area
1,10.3.6,100,17a,No concern at present,Least concern,3.000000000000000,Ecological Australia,Remnant,,23.569175865257169,10.3.6,10.3.6ax1,5245.820458993875945,235539.233980326302117
2,10.5.1a/10.5.1d,70/30,17c/17c,No concern at present,Least concern,5.000000000000000,Ecological Australia,Remnant,,0.009308852541015,,10.5.1a/10.5.1d,79.546547547476621,93.028501436926604
3,10.5.1d/10.5.1a,70/30,17c/17c,No concern at present,Least concern,5.000000000000000,Ecological Australia,Remnant,,32.362153362475802,,10.5.1d/10.5.1a,3532.000513220082212,323412.259770398202818
4,10.5.5a,100,17b,No concern at present,Least concern,5.000000000000000,Ecological Australia,Remnant,,104.305782777675674,10.5.5,10.5.5a,11915.019198611011234,1042383.306363760260865
5,10.3.6,100,17a,No concern at present,Least concern,3.000000000000000,Ecological Australia,Remnant,,1.466241962672163,10.3.6,10.3.6ax1,488.571768242066526,14652.871557616812424
6,10.3.6,100,17a,No concern at present,Least concern,3.000000000000000,Ecological Australia,Remnant,,0.999276159267640,10.3.6,10.3.6ax1,423.981008378366880,9986.269365561354789
7,10.5.1a/10.5.1d,70/30,17c/17c,No concern at present,Least concern,5.000000000000000,Ecological Australia,Remnant,,8.803564729868151,,10.5.1a/10.5.1d,1546.206157869743265,87979.023954399366630
