OID_,RE_Code,PERCENT,BVG1M,BIODIVERSITY_STATUS,VM_CLASS,LAND_ZONE,Consultant,Veg_Class,Veg_Type,AreaHA,RE_ID,RE_Code_v11,Shape_Length,Shape_Area
1,10.5.1a/10.5.1d,70/30,17c/17c,No concern at present,Least concern,5.000000000000000,Ecological Australia,Remnant,,0.940202825879067,,10.5.1a/10.5.1d,428.484065796680113,9395.585080393995668
2,10.5.5a,100,17b,No concern at present,Least concern,5.000000000000000,Ecological Australia,Remnant,,96.046858546387085,10.5.5,10.5.5a,5636.721371984721372,959809.898072687792592
3,10.3.6,100,17a,No concern at present,Least concern,3.000000000000000,Ecological Australia,Remnant,,9.286347648836360,10.3.6,10.3.6ax1,1818.694799581655161,92799.618757360382006
