OID_,RE_Code,PERCENT,BVG1M,BIODIVERSITY_STATUS,VM_CLASS,LAND_ZONE,Consultant,Veg_Class,Veg_Type,AreaHA,RE_ID,RE_Code_v11,Shape_Length,Shape_Area
1,10.3.6,100,17a,No concern at present,Least concern,3.000000000000000,Ecological Australia,Remnant,,26.002683227269234,10.3.6,10.3.6ax1,5981.840840087557808,259858.501017451577354
2,10.5.1a/10.5.1d,70/30,17c/17c,No concern at present,Least concern,5.000000000000000,Ecological Australia,Remnant,,95.278532155195137,,10.5.1a/10.5.1d,3746.257714122504240,952170.345264082658105
3,10.5.1d/10.5.1a,70/30,17c/17c,No concern at present,Least concern,5.000000000000000,Ecological Australia,Remnant,,89.278652466190721,,10.5.1d/10.5.1a,5749.916626524035564,892208.553448209189810
4,10.5.5a,100,17b,No concern at present,Least concern,5.000000000000000,Ecological Australia,Remnant,,394.654345253339272,10.5.5,10.5.5a,20621.019205035674531,3943979.844304709229618
5,10.3.6,100,17a,No concern at present,Least concern,3.000000000000000,Ecological Australia,Remnant,,2.465467345321174,10.3.6,10.3.6ax1,810.877228725306736,24638.612210694864189
6,10.3.6,100,17a,No concern at present,Least concern,3.000000000000000,Ecological Australia,Remnant,,0.999276159267640,10.3.6,10.3.6ax1,423.981008378366880,9986.269365561354789
7,10.3.6,100,17a,No concern at present,Least concern,3.000000000000000,Ecological Australia,Remnant,,1.375704053757723,10.3.6,10.3.6ax1,528.765081805520026,13748.034586399842738
8,10.3.6,100,17a,No concern at present,Least concern,3.000000000000000,Ecological Australia,Remnant,,3.032961271893520,10.3.6,10.3.6ax1,668.461268394764716,30309.782112786640937
9,10.5.1a/10.5.1d,70/30,17c/17c,No concern at present,Least concern,5.000000000000000,Ecological Australia,Remnant,,23.313470614593335,,10.5.1a/10.5.1d,2142.130143480783772,232984.841462329844944
