OID_,RE_Code,PERCENT,BVG1M,BIODIVERSITY_STATUS,VM_CLASS,LAND_ZONE,Consultant,Veg_Class,Veg_Type,AreaHA,RE_ID,RE_Code_v11,Shape_Length,Shape_Area
1,10.3.6,100,17a,No concern at present,Least concern,3.000000000000000,Ecological Australia,Remnant,,28.972901767627743,10.3.6,10.3.6ax1,2756.390211741735129,289535.120233958994504
2,10.5.1a/10.5.1d,70/30,17c/17c,No concern at present,Least concern,5.000000000000000,E2M,Remnant,,1.485544646853273,,10.5.1a/10.5.1d,739.167437760376856,14845.518561448127002
3,10.5.5a,100,17b,No concern at present,Least concern,5.000000000000000,Ecological Australia,Remnant,,1.803673779541928,10.5.5,10.5.5a,1055.946036392998394,18024.680207816265465
4,10.5.5a,100,17b,No concern at present,Least concern,5.000000000000000,E2M,Remnant,,1.262400210429494,10.5.5,10.5.5a,548.215602524322776,12615.528276769227887
5,10.5.1a/10.5.1d,70/30,17c/17c,No concern at present,Least concern,5.000000000000000,Ecological Australia,Remnant,,36.994465990599728,,10.5.1a/10.5.1d,2553.756382424640378,369696.289582938596141
6,10.5.1a/10.5.1d,70/30,17c/17c,No concern at present,Least concern,5.000000000000000,Ecological Australia,Remnant,,71.920152316479687,,10.5.1a/10.5.1d,3295.758771335021720,718720.132022368954495
