OID_,RE_Code,PERCENT,BVG1M,BIODIVERSITY_STATUS,VM_CLASS,LAND_ZONE,Consultant,Veg_Class,Veg_Type,AreaHA,RE_ID,RE_Code_v11,Shape_Length,Shape_Area
1,10.3.6,100,17a,No concern at present,Least concern,3.000000000000000,Ecological Australia,Remnant,,15.694337062212258,10.3.6,10.3.6ax1,2840.735258460540990,156841.690413896722021
2,10.5.1a/10.5.1d,70/30,17c/17c,No concern at present,Least concern,5.000000000000000,Ecological Australia,Remnant,,14.423831083556838,,10.5.1a/10.5.1d,1840.174163926473511,144145.026740230852738
3,10.5.1d/10.5.1a,70/30,17c/17c,No concern at present,Least concern,5.000000000000000,Ecological Australia,Remnant,,18.441454739377345,,10.5.1d/10.5.1a,1871.650253169658072,184295.049745893833460
4,10.5.5a,100,17b,No concern at present,Least concern,5.000000000000000,Ecological Australia,Remnant,,86.717635153917939,10.5.5,10.5.5a,7130.408536607844326,866614.325540860649198
5,10.3.6,100,17a,No concern at present,Least concern,3.000000000000000,Ecological Australia,Remnant,,0.999276159267640,10.3.6,10.3.6ax1,423.981008378366880,9986.269365561354789
