OID_,RE_Code,PERCENT,BVG1M,BIODIVERSITY_STATUS,VM_CLASS,LAND_ZONE,Consultant,Veg_Class,Veg_Type,AreaHA,RE_ID,RE_Code_v11,Shape_Length,Shape_Area
1,10.3.6,100,17a,No concern at present,Least concern,3.000000000000000,Ecological Australia,Remnant,,80.795937815798339,10.3.6,10.3.6ax1,7580.717086211877358,807418.044719701632857
2,10.5.1a/10.5.1d,70/30,17c/17c,No concern at present,Least concern,5.000000000000000,E2M,Remnant,,9.059056224406238,,10.5.1a/10.5.1d,1549.739713682209413,90529.997793599453871
3,10.5.5a,100,17b,No concern at present,Least concern,5.000000000000000,Ecological Australia,Remnant,,15.482150351638550,10.5.5,10.5.5a,2398.261915915143618,154717.937516362959286
4,10.5.5a,100,17b,No concern at present,Least concern,5.000000000000000,E2M,Remnant,,4.219019530309613,10.5.5,10.5.5a,914.596940180563479,42161.871951558547153
5,10.5.1a/10.5.1d,70/30,17c/17c,No concern at present,Least concern,5.000000000000000,Ecological Australia,Remnant,,43.110674649830329,,10.5.1a/10.5.1d,5529.847373804003837,430817.434531048114877
6,10.5.1a/10.5.1d,70/30,17c/17c,No concern at present,Least concern,5.000000000000000,Ecological Australia,Remnant,,86.992256642041554,,10.5.1a/10.5.1d,4474.096873317268546,869340.025492038112134
7,10.3.6,100,17a,No concern at present,Least concern,3.000000000000000,Ecological Australia,Remnant,,6.155034666602447,10.3.6,10.3.6ax1,1398.813263834566669,61509.128336310946906
