OID_,RE_Code,PERCENT,BVG1M,BIODIVERSITY_STATUS,VM_CLASS,LAND_ZONE,Consultant,Veg_Class,Veg_Type,AreaHA,RE_ID,RE_Code_v11,Shape_Length,Shape_Area
1,10.5.1a/10.5.1d,70/30,17c/17c,No concern at present,Least concern,5.000000000000000,Ecological Australia,Remnant,,98.087301014193457,,10.5.1a/10.5.1d,5826.657713449419134,980224.411022547748871
2,10.5.5a,100,17b,No concern at present,Least concern,5.000000000000000,Ecological Australia,Remnant,,457.286340603932558,10.5.5,10.5.5a,18401.675661219567701,4569861.930043921805918
3,10.3.6,100,17a,No concern at present,Least concern,3.000000000000000,Ecological Australia,Remnant,,4.922210952465073,10.3.6,10.3.6ax1,1195.649175624389954,49189.840343065443449
4,10.3.6,100,17a,No concern at present,Least concern,3.000000000000000,Ecological Australia,Remnant,,0.665138392018648,10.3.6,10.3.6ax1,311.645824445587095,6647.039242878423465
5,10.3.6,100,17a,No concern at present,Least concern,3.000000000000000,Ecological Australia,Remnant,,1.077390790695251,10.3.6,10.3.6ax1,456.884838146156596,10766.823695281578694
6,10.3.6,100,17a,No concern at present,Least concern,3.000000000000000,Ecological Australia,Remnant,,15.643467961506985,10.3.6,10.3.6ax1,3419.093166789191855,156331.424412976804888
7,10.3.6,100,17a,No concern at present,Least concern,3.000000000000000,Ecological Australia,Remnant,,8.706354985519649,10.3.6,10.3.6ax1,2146.380843363742770,87006.432705769446329
8,10.3.6,100,17a,No concern at present,Least concern,3.000000000000000,Ecological Australia,Remnant,,3.762158319138407,10.3.6,10.3.6ax1,817.817898435959705,37596.984430253076425
