OID_,RE_Code,PERCENT,BVG1M,BIODIVERSITY_STATUS,VM_CLASS,LAND_ZONE,Consultant,Veg_Class,Veg_Type,AreaHA,RE_ID,RE_Code_v11,Shape_Length,Shape_Area
1,10.3.6,100,17a,No concern at present,Least concern,3.000000000000000,Ecological Australia,Remnant,,33.163134484332296,10.3.6,10.3.6ax1,5597.292431302404111,331408.220066628011409
2,10.5.1a/10.5.1d,70/30,17c/17c,No concern at present,Least concern,5.000000000000000,Ecological Australia,Remnant,,85.487534512035097,,10.5.1a/10.5.1d,6157.241960574768200,854299.860379069228657
3,10.5.5a,100,17b,No concern at present,Least concern,5.000000000000000,Ecological Australia,Remnant,,267.294098781163825,10.5.5,10.5.5a,7594.255307299045853,2671149.249883655924350
4,10.5.5a,100,17b,No concern at present,Least concern,5.000000000000000,Ecological Australia,Remnant,,118.792605000092138,10.5.5,10.5.5a,8551.346275880079702,1187125.566370283020660
