OID_,RE_Code,PERCENT,BVG1M,BIODIVERSITY_STATUS,VM_CLASS,LAND_ZONE,Consultant,Veg_Class,Veg_Type,AreaHA,RE_ID,RE_Code_v11,Shape_Length,Shape_Area
1,10.5.5a,100,17b,No concern at present,Least concern,5.000000000000000,Ecological Australia,Remnant,,212.681052099631444,10.5.5,10.5.5a,9500.681573031502921,2125418.629690031055361
2,10.3.6,100,17a,No concern at present,Least concern,3.000000000000000,Ecological Australia,Remnant,,0.093456124021009,10.3.6,10.3.6ax1,206.760270048235128,933.950677481339540
3,10.3.6,100,17a,No concern at present,Least concern,3.000000000000000,Ecological Australia,Remnant,,3.190988826119840,10.3.6,10.3.6ax1,835.658725195557849,31888.979213978400367
4,10.3.6,100,17a,No concern at present,Least concern,3.000000000000000,Ecological Australia,Remnant,,0.665138392018648,10.3.6,10.3.6ax1,311.645824445587095,6647.039242878423465
5,10.3.6,100,17a,No concern at present,Least concern,3.000000000000000,Ecological Australia,Remnant,,8.603384952835441,10.3.6,10.3.6ax1,2129.087432182688644,85977.408952483194298
6,10.3.6,100,17a,No concern at present,Least concern,3.000000000000000,Ecological Australia,Remnant,,3.762158319138407,10.3.6,10.3.6ax1,817.817898435959705,37596.984430253076425
