OID_,RE_Code,PERCENT,BVG1M,BIODIVERSITY_STATUS,VM_CLASS,LAND_ZONE,Consultant,Veg_Class,Veg_Type,AreaHA,RE_ID,RE_Code_v11,Shape_Length,Shape_Area
1,10.5.1a/10.5.1d,70/30,17c/17c,No concern at present,Least concern,5.000000000000000,Ecological Australia,Remnant,,29.877893713741248,,10.5.1a/10.5.1d,4167.539846159584158,298581.918897469993681
2,10.5.5a,100,17b,No concern at present,Least concern,5.000000000000000,Ecological Australia,Remnant,,502.158281979015271,10.5.5,10.5.5a,13222.181430584951158,5018269.444557921960950
3,10.3.6,100,17a,No concern at present,Least concern,3.000000000000000,Ecological Australia,Remnant,,3.367746182025614,10.3.6,10.3.6ax1,883.267550189199369,33655.281799877542653
4,10.3.6,100,17a,No concern at present,Least concern,3.000000000000000,Ecological Australia,Remnant,,8.706354985519649,10.3.6,10.3.6ax1,2146.380843363742770,87006.432705769446329
