OID_,RE_Code,PERCENT,BVG1M,BIODIVERSITY_STATUS,VM_CLASS,LAND_ZONE,Consultant,Veg_Class,Veg_Type,AreaHA,RE_ID,RE_Code_v11,Shape_Length,Shape_Area
1,10.3.6,100,17a,No concern at present,Least concern,3.000000000000000,Ecological Australia,Remnant,,17.764243067631774,10.3.6,10.3.6ax1,4752.879336365581366,177527.673795740498463
2,10.5.1d/10.5.1a,70/30,17c/17c,No concern at present,Least concern,5.000000000000000,Ecological Australia,Remnant,,4.661280169819588,,10.5.1d/10.5.1a,1865.159600050491463,46582.689621411926055
3,10.5.5a,100,17b,No concern at present,Least concern,5.000000000000000,Ecological Australia,Remnant,,177.897991693549869,10.5.5,10.5.5a,15672.489698292190951,1777821.069997859187424
4,10.3.6,100,17a,No concern at present,Least concern,3.000000000000000,Ecological Australia,Remnant,,0.176422966141509,10.3.6,10.3.6ax1,187.278141326517670,1763.083861221951111
5,10.3.6,100,17a,No concern at present,Least concern,3.000000000000000,Ecological Australia,Remnant,,1.715627304628422,10.3.6,10.3.6ax1,638.466356004076033,17145.040607044560602
6,10.3.6,100,17a,No concern at present,Least concern,3.000000000000000,Ecological Australia,Remnant,,2.706431453313348,10.3.6,10.3.6ax1,629.815953335343579,27046.617890426812664
