OID_,RE_Code,PERCENT,BVG1M,BIODIVERSITY_STATUS,VM_CLASS,LAND_ZONE,Consultant,Veg_Class,Veg_Type,AreaHA,RE_ID,RE_Code_v11,Shape_Length,Shape_Area
1,10.5.1a/10.5.1d,70/30,17c/17c,No concern at present,Least concern,5.000000000000000,Ecological Australia,Remnant,,0.810349173997036,,10.5.1a/10.5.1d,417.333921868165589,8097.938877125695399
2,10.5.5a,100,17b,No concern at present,Least concern,5.000000000000000,Ecological Australia,Remnant,,109.381701401758662,10.5.5,10.5.5a,8726.417168157035121,1093064.904104221146554
3,10.3.6,100,17a,No concern at present,Least concern,3.000000000000000,Ecological Australia,Remnant,,18.348542453172151,10.3.6,10.3.6ax1,3523.414714356624245,183359.152174841583474
