OID_,RE_Code,PERCENT,BVG1M,BIODIVERSITY_STATUS,VM_CLASS,LAND_ZONE,Consultant,Veg_Class,Veg_Type,AreaHA,RE_ID,RE_Code_v11,Shape_Length,Shape_Area
1,10.3.6,100,17a,No concern at present,Least concern,3.000000000000000,Ecological Australia,Remnant,,49.364001534495237,10.3.6,10.3.6ax1,5378.091651674736568,493309.606272570497822
2,10.5.1a/10.5.1d,70/30,17c/17c,No concern at present,Least concern,5.000000000000000,E2M,Remnant,,16.385412499379232,,10.5.1a/10.5.1d,1789.651546820616204,163744.691594494943274
3,10.5.5a,100,17b,No concern at present,Least concern,5.000000000000000,Ecological Australia,Remnant,,23.701146001530621,10.5.5,10.5.5a,2214.544331823204629,236852.975848174333805
4,10.5.5a,100,17b,No concern at present,Least concern,5.000000000000000,E2M,Remnant,,2.608109982562311,10.5.5,10.5.5a,688.695514591222491,26063.592974523086014
5,10.5.1a/10.5.1d,70/30,17c/17c,No concern at present,Least concern,5.000000000000000,Ecological Australia,Remnant,,38.475368839389034,,10.5.1a/10.5.1d,3454.607146148667198,384495.451189731014892
6,10.5.1a/10.5.1d,70/30,17c/17c,No concern at present,Least concern,5.000000000000000,Ecological Australia,Remnant,,91.341024397315650,,10.5.1a/10.5.1d,4162.733013680463046,912798.915147718042135
7,10.3.6,100,17a,No concern at present,Least concern,3.000000000000000,Ecological Australia,Remnant,,1.005716089932173,10.3.6,10.3.6ax1,402.963107964318283,10050.424927384154216
8,10.5.1d/10.5.1a,70/30,17c/17c,No concern at present,Least concern,5.000000000000000,Ecological Australia,Remnant,,25.633482223122627,,10.5.1d/10.5.1a,2523.937985001147354,256163.733985692204442
