r,n,mean_error,std_error
1,325,290.1185095709965,15.182292379790253
