r,n,mean_error,std_error
1,14,385.94904285281234,16.51420041369115
