r,n,mean_error,std_error
1,292,295.54568033856776,14.784496462634385
