r,n,mean_error,std_error
1,346,286.21660719406145,14.475819384760161
