r,n,mean_error,std_error
1,198,303.6053887885712,14.569499687181743
