r,n,mean_error,std_error
1,167,286.80276743804103,13.964714661742866
