r,n,mean_error,std_error
1,225,287.05947611385636,14.82985176934549
