r,n,mean_error,std_error
1,137,298.22779285225846,14.820999863542875
