r,n,mean_error,std_error
1,163,293.87943510626116,15.18654903107105
