r,n,mean_error,std_error
1,38,350.0276574047951,17.26183080530752
