r,n,mean_error,std_error
1,345,285.2550661326189,15.019427224778363
