r,n,mean_error,std_error
1,257,289.64588977142813,14.437813888691792
