r,n,mean_error,std_error
1,243,291.3232133922921,14.903676498350851
