r,n,mean_error,std_error
1,404,291.20512863452853,14.656991913495723
