r,n,mean_error,std_error
1,245,287.655220454048,14.642135272657473
