r,n,mean_error,std_error
1,127,285.9469253372674,14.526400699320794
