r,n,mean_error,std_error
1,136,289.3458648696956,14.339906282847595
