r,n,mean_error,std_error
1,319,285.2979570313274,14.914273372617464
