r,n,mean_error,std_error
1,214,282.57226987613734,14.762315308395001
