r,n,mean_error,std_error
1,40,374.4881810213794,20.163502884685776
