r,n,mean_error,std_error
1,182,297.3431541559842,15.493559697395012
