r,n,mean_error,std_error
1,56,300.5918701645475,14.285407471856152
