r,n,mean_error,std_error
1,79,298.32928093875114,15.320202602213556
