r,n,mean_error,std_error
1,264,295.05070004585036,14.88905075911465
