r,n,mean_error,std_error
1,49,312.26227867641984,15.501432116925422
