r,n,mean_error,std_error
1,236,292.4106581105261,15.211566484205976
