r,n,mean_error,std_error
1,218,287.7520750791432,14.603921022821579
