r,n,mean_error,std_error
1,78,306.88867815710654,16.4742985728041
