r,n,mean_error,std_error
1,115,335.37266234343923,14.358145505127105
