r,n,mean_error,std_error
1,148,292.312210072718,15.546277750723345
