r,n,mean_error,std_error
1,93,304.9018550800132,15.508929401349418
