r,n,mean_error,std_error
1,372,286.4444098082539,14.661929758219577
