r,n,mean_error,std_error
1,224,304.301566887577,15.385898795199514
