r,n,mean_error,std_error
1,116,290.3608658203458,14.535343594483193
