r,n,mean_error,std_error
1,42,305.75185766144784,15.783907615353995
