r,n,mean_error,std_error
1,250,297.28134825440077,13.912848642026658
