r,n,mean_error,std_error
1,103,309.52650125253336,15.496884213754365
