r,n,mean_error,std_error
1,162,288.4090782919892,14.944815051056437
