r,n,mean_error,std_error
1,242,294.7829187093283,15.580682148914285
