r,n,mean_error,std_error
1,13,427.1348059841305,25.26714629871104
