r,n,mean_error,std_error
1,227,284.5478886500727,14.520822124781281
