r,n,mean_error,std_error
1,307,289.6089177560114,14.995947610946494
