r,n,mean_error,std_error
1,133,293.1455813249502,15.050570686995197
