r,n,mean_error,std_error
1,314,293.20959943434815,15.178548343078441
