r,n,mean_error,std_error
1,32,312.3596398469843,15.788793296029002
