r,n,mean_error,std_error
1,28,357.0364308948735,19.597018673696674
