r,n,mean_error,std_error
1,87,300.7083217040926,14.81475620879137
