r,n,mean_error,std_error
1,282,293.93691413141926,14.76935515852568
