r,n,mean_error,std_error
1,381,290.0726060612645,14.61657677443845
