r,n,mean_error,std_error
1,199,313.443069344797,15.071909330753689
