r,n,mean_error,std_error
1,197,292.58353862753046,14.951851111706189
