r,n,mean_error,std_error
1,73,328.0210009712748,15.812322662575726
