r,n,mean_error,std_error
1,55,318.1798807470529,16.497650548796724
