r,n,mean_error,std_error
1,177,295.836453460791,14.82475782442505
