r,n,mean_error,std_error
1,72,304.75533472243177,14.32289427419441
