r,n,mean_error,std_error
1,343,289.72417243700517,14.818313868860352
