r,n,mean_error,std_error
1,369,288.5073794661528,14.76806460479265
