r,n,mean_error,std_error
1,86,308.4758629621051,14.892668839640443
