r,n,mean_error,std_error
1,190,290.6484744088237,14.96085457763558
