r,n,mean_error,std_error
1,53,331.8280742658955,15.86582419764363
