r,n,mean_error,std_error
1,138,299.86239922635366,15.479492097013694
