r,n,mean_error,std_error
1,83,306.77287680640177,15.454082331226994
