r,n,mean_error,std_error
1,147,309.49477642993753,15.432019269875823
