r,n,mean_error,std_error
1,265,293.01878335234034,14.928043594479496
