r,n,mean_error,std_error
1,333,288.5221554965455,15.10549256901944
