r,n,mean_error,std_error
1,365,289.0577575080172,14.632944286976855
