r,n,mean_error,std_error
1,77,303.7742516238131,16.2112751637158
