r,n,mean_error,std_error
1,19,324.11800832045805,16.644210401511558
