r,n,mean_error,std_error
1,159,314.0839888381254,15.820961930382914
