r,n,mean_error,std_error
1,302,292.0938831201237,15.006006362888682
