r,n,mean_error,std_error
1,22,313.69896836122587,14.323657721183363
