r,n,mean_error,std_error
1,398,285.5877124720453,14.557598236359684
