r,n,mean_error,std_error
1,271,294.2451481856805,15.371040499801486
