r,n,mean_error,std_error
1,392,291.38691411830575,14.790072767049312
