r,n,mean_error,std_error
1,154,294.4288568099416,14.588747713157025
