r,n,mean_error,std_error
1,223,294.92758352024833,15.661955415360161
