r,n,mean_error,std_error
1,23,330.96571775694247,16.781233857565002
