r,n,mean_error,std_error
1,219,290.0145443805468,14.514058774618467
