r,n,mean_error,std_error
1,196,295.34267306803747,14.705848638008108
