r,n,mean_error,std_error
1,110,303.4973467474231,16.208365235105042
