r,n,mean_error,std_error
1,35,301.3260220628088,15.71394616090886
