r,n,mean_error,std_error
1,68,310.63688531948253,16.357641796456356
