r,n,mean_error,std_error
1,89,298.1916627295508,14.977807984817627
