r,n,mean_error,std_error
1,9,445.87997182191253,18.860426425481577
