r,n,mean_error,std_error
1,34,349.3650901258871,16.209820004683504
