r,n,mean_error,std_error
1,293,288.824371037416,14.968762776593401
