r,n,mean_error,std_error
1,113,299.54796408375626,15.284833925450114
