r,n,mean_error,std_error
1,174,299.981289659065,15.269582474157168
