r,n,mean_error,std_error
1,75,294.5414244470372,15.105500861155607
