r,n,mean_error,std_error
1,37,334.9438182958801,16.64159667030847
