r,n,mean_error,std_error
1,145,309.8685016312981,15.09149426970841
