r,n,mean_error,std_error
1,152,370.14262289177736,16.91586128913936
