r,n,mean_error,std_error
1,31,317.5536059308579,15.725886949478632
