r,n,mean_error,std_error
1,194,294.88516103934086,15.762819669567566
