r,n,mean_error,std_error
1,123,300.10277945162505,14.811078133314457
