r,n,mean_error,std_error
1,342,285.61739292657103,14.769658155773815
