r,n,mean_error,std_error
1,58,320.607093518226,16.235019838720298
