r,n,mean_error,std_error
1,340,285.2173139563348,14.819564059322333
