r,n,mean_error,std_error
1,88,294.3200343254126,15.47315713040255
