r,n,mean_error,std_error
1,156,303.66611985437834,14.384329144426134
