r,n,mean_error,std_error
1,144,294.49292415407234,14.724635552341589
