r,n,mean_error,std_error
1,202,300.26391702164324,15.620160632747178
