r,n,mean_error,std_error
1,173,289.82562347739497,14.996833345902218
