r,n,mean_error,std_error
1,52,314.9688884634333,16.23657965371711
