r,n,mean_error,std_error
1,204,289.2101187928743,14.177116879593807
