r,n,mean_error,std_error
1,59,297.0400525540765,15.88700695826997
