r,n,mean_error,std_error
1,389,289.98369894648016,14.849876775335346
