r,n,mean_error,std_error
1,374,295.182980598188,15.168897155902542
