r,n,mean_error,std_error
1,44,300.2341561053208,14.960681361389247
