r,n,mean_error,std_error
1,43,306.13306076663355,15.022288737458947
