r,n,mean_error,std_error
1,92,302.9745843246421,15.440322314223646
