r,n,mean_error,std_error
1,51,349.80513687929056,15.65151612875603
