r,n,mean_error,std_error
1,228,296.81079908840314,15.798506838519131
