r,n,mean_error,std_error
1,208,313.03123778698017,15.590693246847271
