r,n,mean_error,std_error
1,12,364.7976320981385,17.880056978910666
