r,n,mean_error,std_error
1,155,290.65001980960795,14.862779340385558
