r,n,mean_error,std_error
1,221,290.77700513434297,15.638983989313852
