r,n,mean_error,std_error
1,15,326.3533780486371,15.676651209083468
