r,n,mean_error,std_error
1,283,289.2811350631681,14.910067058960104
