r,n,mean_error,std_error
1,358,293.13140911544076,15.066096673278299
