r,n,mean_error,std_error
1,122,325.12066495138674,16.480529093897978
