r,n,mean_error,std_error
1,107,302.5018568936289,15.283189136777356
