r,n,mean_error,std_error
1,308,320.57133024783985,14.349873033063425
