r,n,mean_error,std_error
1,275,290.2891120245899,15.020564583652874
