r,n,mean_error,std_error
1,134,305.6888828471696,15.447771421730398
