r,n,mean_error,std_error
1,178,306.47089732568486,15.792495057288036
