r,n,mean_error,std_error
1,286,306.43643403970566,14.115730029882943
