r,n,mean_error,std_error
1,112,305.34976682976924,14.76113612707147
