r,n,mean_error,std_error
1,183,292.35621864802005,14.921384585421501
