r,n,mean_error,std_error
1,102,310.2530062316345,15.91725701655045
