r,n,mean_error,std_error
1,139,301.52441059046777,15.284013064204297
