r,n,mean_error,std_error
1,101,310.6942047586187,15.580767336118326
