r,n,mean_error,std_error
1,132,306.7884979658865,14.898251012453418
