r,n,mean_error,std_error
1,64,334.42889002600225,15.313740350809828
