r,n,mean_error,std_error
1,39,311.58607412721204,15.304693045880311
