r,n,mean_error,std_error
1,143,294.5907835009714,14.767850557441706
