r,n,mean_error,std_error
1,212,295.97762526625075,14.973446987149643
