r,n,mean_error,std_error
1,300,288.0147402353317,14.476910204110622
