r,n,mean_error,std_error
1,263,292.4236588530137,15.172785346415575
