r,n,mean_error,std_error
1,130,297.2012210807083,15.23684774284467
