r,n,mean_error,std_error
1,203,293.0598061303299,14.794685090715651
