r,n,mean_error,std_error
1,400,286.58972235912876,14.957743555527433
