r,n,mean_error,std_error
1,74,391.35616337464575,16.263713857899717
