r,n,mean_error,std_error
1,60,313.041150996716,16.162066475478408
