r,n,mean_error,std_error
1,222,316.09044743250007,14.813266107027355
