r,n,mean_error,std_error
1,48,370.0720477070044,14.516167829011415
