r,n,mean_error,std_error
1,277,287.03699034322176,14.835745601364321
