OID_,RE_Code,PERCENT,BVG1M,BIODIVERSITY_STATUS,VM_CLASS,LAND_ZONE,Consultant,Veg_Class,Veg_Type,AreaHA,RE_ID,RE_Code_v11,Shape_Length,Shape_Area
1,10.3.6/10.5.5a,,,,,,Ecological Australia,Remnant,,0.217111208619443,,,218.181367223621550,2169.728836856497765
2,10.5.1a/10.5.1d,70/30,17c/17c,No concern at present,Least concern,5.000000000000000,Ecological Australia,Remnant,,162.189237226797587,,10.5.1a/10.5.1d,9735.211834385463590,1620815.702439066721126
3,10.5.1a/10.5.1d,70/30,17c/17c,No concern at present,Least concern,5.000000000000000,Ecological Australia,Remnant,,375.919472598511504,,10.5.1a/10.5.1d,14905.652269289141259,3756757.444621033500880
4,10.5.5a,100,17b,No concern at present,Least concern,5.000000000000000,Ecological Australia,Remnant,,2629.500432436064784,10.5.5,10.5.5a,37080.470761063392274,26277791.576097443699837
5,10.5.5a,100,17b,No concern at present,Least concern,5.000000000000000,Ecological Australia,Remnant,,15.723792753154418,10.5.5,10.5.5a,2645.019177040741397,157133.241474770300556
6,10.5.1a,100,17c,No concern at present,Least concern,5.000000000000000,Ecological Australia,Remnant,,7.545024508192654,10.5.1,10.5.1a,1620.984506668286031,75401.454281051730504
