OID_,RE_Code,PERCENT,BVG1M,BIODIVERSITY_STATUS,VM_CLASS,LAND_ZONE,Consultant,Veg_Class,Veg_Type,AreaHA,RE_ID,RE_Code_v11,Shape_Length,Shape_Area
1,10.3.6,100,17a,No concern at present,Least concern,3.000000000000000,Ecological Australia,Remnant,,24.280198456940692,10.3.6,10.3.6ax1,5508.131766107119802,242644.877169895102270
2,10.5.1d/10.5.1a,70/30,17c/17c,No concern at present,Least concern,5.000000000000000,Ecological Australia,Remnant,,30.609384530874500,,10.5.1d/10.5.1a,3048.189790247476594,305895.769878204737324
3,10.5.5a,100,17b,No concern at present,Least concern,5.000000000000000,Ecological Australia,Remnant,,165.468268421982799,10.5.5,10.5.5a,14112.403858028108516,1653609.928144199773669
4,10.3.6,100,17a,No concern at present,Least concern,3.000000000000000,Ecological Australia,Remnant,,2.276366136894110,10.3.6,10.3.6ax1,756.838639253333895,22748.833188358450570
5,10.3.6,100,17a,No concern at present,Least concern,3.000000000000000,Ecological Australia,Remnant,,0.999276159267640,10.3.6,10.3.6ax1,423.981008378366880,9986.269365561354789
6,10.5.1a/10.5.1d,70/30,17c/17c,No concern at present,Least concern,5.000000000000000,Ecological Australia,Remnant,,0.900194847329661,,10.5.1a/10.5.1d,928.940978950785279,8996.158810115550295
