OID_,RE_Code,PERCENT,BVG1M,BIODIVERSITY_STATUS,VM_CLASS,LAND_ZONE,Consultant,Veg_Class,Veg_Type,AreaHA,RE_ID,RE_Code_v11,Shape_Length,Shape_Area
1,10.3.6,100,17a,No concern at present,Least concern,3.000000000000000,Ecological Australia,Remnant,,3.093526535312185,10.3.6,10.3.6ax1,1039.976508201355728,30914.551314601754711
2,10.5.1a/10.5.1d,70/30,17c/17c,No concern at present,Least concern,5.000000000000000,Ecological Australia,Remnant,,35.593328081233750,,10.5.1a/10.5.1d,2971.630988231765059,355693.902631524018943
3,10.5.5a,100,17b,No concern at present,Least concern,5.000000000000000,Ecological Australia,Remnant,,58.327766043315492,10.5.5,10.5.5a,4016.950425809930039,582888.897469396702945
4,10.5.5a,100,17b,No concern at present,Least concern,5.000000000000000,Ecological Australia,Remnant,,13.775428086033594,10.5.5,10.5.5a,2480.024029110544234,137661.739519173424924
