OID_,RE_Code,PERCENT,BVG1M,BIODIVERSITY_STATUS,VM_CLASS,LAND_ZONE,Consultant,Veg_Class,Veg_Type,AreaHA,RE_ID,RE_Code_v11,Shape_Length,Shape_Area
1,10.3.6,100,17a,No concern at present,Least concern,3.000000000000000,Ecological Australia,Remnant,,82.699733712871065,10.3.6,10.3.6ax1,7439.913849830571053,826443.232443779706955
2,10.5.5a,100,17b,No concern at present,Least concern,5.000000000000000,Ecological Australia,Remnant,,25.449092394567170,10.5.5,10.5.5a,3116.671891143976609,254320.733938292483799
3,10.5.5a,100,17b,No concern at present,Least concern,5.000000000000000,E2M,Remnant,,3.125641389284042,10.5.5,10.5.5a,768.294654527280500,31235.427996288082795
4,10.5.1a/10.5.1d,70/30,17c/17c,No concern at present,Least concern,5.000000000000000,Ecological Australia,Remnant,,90.590268209872107,,10.5.1a/10.5.1d,4991.538005519993021,905294.257595942588523
5,10.5.1a/10.5.1d,70/30,17c/17c,No concern at present,Least concern,5.000000000000000,Ecological Australia,Remnant,,56.121505663739043,,10.5.1a/10.5.1d,3013.757896453018930,560839.324135650065728
6,10.5.1d/10.5.1a,70/30,17c/17c,No concern at present,Least concern,5.000000000000000,Ecological Australia,Remnant,,11.871532827714093,,10.5.1d/10.5.1a,1913.376390195200202,118636.060227416121052
7,10.5.1a/10.5.1d,70/30,17c/17c,No concern at present,Least concern,5.000000000000000,Ecological Australia,Remnant,,0.093952847562586,,10.5.1a/10.5.1d,166.054969633874606,938.897050332148638
