OID_,RE_Code,PERCENT,BVG1M,BIODIVERSITY_STATUS,VM_CLASS,LAND_ZONE,Consultant,Veg_Class,Veg_Type,AreaHA,RE_ID,RE_Code_v11,Shape_Length,Shape_Area
1,10.3.6,100,17a,No concern at present,Least concern,3.000000000000000,Ecological Australia,Remnant,,86.499839971342283,10.3.6,10.3.6ax1,8214.444011182871691,864418.728996831458062
2,10.5.5a,100,17b,No concern at present,Least concern,5.000000000000000,Ecological Australia,Remnant,,29.506271965132246,10.5.5,10.5.5a,3998.216165516502770,294865.301749352016486
3,10.5.5a,100,17b,No concern at present,Least concern,5.000000000000000,E2M,Remnant,,4.374532038995938,10.5.5,10.5.5a,816.562271110558186,43715.948835286253598
4,10.5.1a/10.5.1d,70/30,17c/17c,No concern at present,Least concern,5.000000000000000,Ecological Australia,Remnant,,70.446203051560786,,10.5.1a/10.5.1d,5415.731473968847240,703989.116097077843733
5,10.5.1a/10.5.1d,70/30,17c/17c,No concern at present,Least concern,5.000000000000000,Ecological Australia,Remnant,,55.619365012333276,,10.5.1a/10.5.1d,3056.324592162840872,555821.211974820587784
6,10.5.1d/10.5.1a,70/30,17c/17c,No concern at present,Least concern,5.000000000000000,Ecological Australia,Remnant,,0.499762117444405,,10.5.1d/10.5.1a,578.031642666692051,4994.282109635428242
7,10.5.1a/10.5.1d,70/30,17c/17c,No concern at present,Least concern,5.000000000000000,Ecological Australia,Remnant,,0.022266510385634,,10.5.1a/10.5.1d,77.953593537202551,222.515472579780266
