OID_,RE_Code,PERCENT,BVG1M,BIODIVERSITY_STATUS,VM_CLASS,LAND_ZONE,Consultant,Veg_Class,Veg_Type,AreaHA,RE_ID,RE_Code_v11,Shape_Length,Shape_Area
1,10.3.6,100,17a,No concern at present,Least concern,3.000000000000000,Ecological Australia,Remnant,,5.783023088695388,10.3.6,10.3.6ax1,1652.489928071659051,57792.863755759135529
2,10.5.1a/10.5.1d,70/30,17c/17c,No concern at present,Least concern,5.000000000000000,Ecological Australia,Remnant,,3.620200842020568,,10.5.1a/10.5.1d,814.728258355917774,36178.610310641437536
3,10.5.1d/10.5.1a,70/30,17c/17c,No concern at present,Least concern,5.000000000000000,Ecological Australia,Remnant,,14.729732756757894,,10.5.1d/10.5.1a,2193.146254498958115,147202.191000567690935
4,10.5.5a,100,17b,No concern at present,Least concern,5.000000000000000,Ecological Australia,Remnant,,19.574243299284692,10.5.5,10.5.5a,3297.679571537969423,195615.954544224892743
