OID_,RE_Code,PERCENT,BVG1M,BIODIVERSITY_STATUS,VM_CLASS,LAND_ZONE,Consultant,Veg_Class,Veg_Type,AreaHA,RE_ID,RE_Code_v11,Shape_Length,Shape_Area
1,10.3.6,100,17a,No concern at present,Least concern,3.000000000000000,Ecological Australia,Remnant,,11.904762012904149,10.3.6,10.3.6ax1,3436.751398843270636,118967.878997183128376
2,10.5.5a,100,17b,No concern at present,Least concern,5.000000000000000,Ecological Australia,Remnant,,0.002126277279180,10.5.5,10.5.5a,41.374166646698342,21.248535970868254
3,10.5.1a/10.5.1d,70/30,17c/17c,No concern at present,Least concern,5.000000000000000,Ecological Australia,Remnant,,16.376373574672542,,10.5.1a/10.5.1d,3082.612877886506794,163654.102862512110732
4,10.3.6,100,17a,No concern at present,Least concern,3.000000000000000,Ecological Australia,Remnant,,0.045241730765125,10.3.6,10.3.6ax1,91.561767673808504,452.114532903533586
