OID_,RE_Code,PERCENT,BVG1M,BIODIVERSITY_STATUS,VM_CLASS,LAND_ZONE,Consultant,Veg_Class,Veg_Type,AreaHA,RE_ID,RE_Code_v11,Shape_Length,Shape_Area
1,10.4.3a,100,25a,Endangered,Least concern,4.000000000000000,Ecological Australia,Remnant,,4.346625084719307,10.4.3,10.4.3a,1315.830792728698270,43436.554620417249680
2,10.5.1a/10.5.1d,70/30,17c/17c,No concern at present,Least concern,5.000000000000000,Ecological Australia,Remnant,,52.734299006096634,,10.5.1a/10.5.1d,3927.001449137051168,526981.259234410128556
3,10.5.1a/10.5.1d,70/30,17c/17c,No concern at present,Least concern,5.000000000000000,Ecological Australia,Remnant,,46.327389241659816,,10.5.1a/10.5.1d,3087.922128020127730,462958.458787701325491
4,10.5.5a,100,17b,No concern at present,Least concern,5.000000000000000,Ecological Australia,Remnant,,305.203545381742458,10.5.5,10.5.5a,11950.901570899102808,3049946.455825560260564
5,10.3.6,100,17a,No concern at present,Least concern,3.000000000000000,Ecological Australia,Remnant,,11.368567041975895,10.3.6,10.3.6ax1,1973.746837280992850,113607.528611613830435
