OID_,RE_Code,PERCENT,BVG1M,BIODIVERSITY_STATUS,VM_CLASS,LAND_ZONE,Consultant,Veg_Class,Veg_Type,AreaHA,RE_ID,RE_Code_v11,Shape_Length,Shape_Area
1,10.3.6,100,17a,No concern at present,Least concern,3.000000000000000,Ecological Australia,Remnant,,57.379761242535324,10.3.6,10.3.6ax1,5365.977087641650542,573413.317545162863098
2,10.5.1a/10.5.1d,70/30,17c/17c,No concern at present,Least concern,5.000000000000000,E2M,Remnant,,0.201010998045023,,10.5.1a/10.5.1d,271.167234592688317,2008.765877976395132
3,10.5.5a,100,17b,No concern at present,Least concern,5.000000000000000,Ecological Australia,Remnant,,29.911677649576824,10.5.5,10.5.5a,3072.819064647947926,298916.720176392293070
4,10.5.5a,100,17b,No concern at present,Least concern,5.000000000000000,E2M,Remnant,,8.641950605877357,10.5.5,10.5.5a,1234.184281179785330,86361.471896760878735
5,10.5.1a/10.5.1d,70/30,17c/17c,No concern at present,Least concern,5.000000000000000,Ecological Australia,Remnant,,66.492735167451116,,10.5.1a/10.5.1d,4808.458108414156413,664480.949331044219434
6,10.5.1a/10.5.1d,70/30,17c/17c,No concern at present,Least concern,5.000000000000000,Ecological Australia,Remnant,,80.604845265312449,,10.5.1a/10.5.1d,3977.942702561718761,805508.604289679089561
7,10.3.6,100,17a,No concern at present,Least concern,3.000000000000000,Ecological Australia,Remnant,,3.712056212415040,10.3.6,10.3.6ax1,877.871115423768970,37095.692408233546303
8,10.5.1d/10.5.1a,70/30,17c/17c,No concern at present,Least concern,5.000000000000000,Ecological Australia,Remnant,,0.488187427656764,,10.5.1d/10.5.1a,498.569265190413091,4878.612483499205155
9,10.5.1a/10.5.1d,70/30,17c/17c,No concern at present,Least concern,5.000000000000000,Ecological Australia,Remnant,,0.149039809683179,,10.5.1a/10.5.1d,169.943812948188935,1489.396432638096258
