OID_,RE_Code,PERCENT,BVG1M,BIODIVERSITY_STATUS,VM_CLASS,LAND_ZONE,Consultant,Veg_Class,Veg_Type,AreaHA,RE_ID,RE_Code_v11,Shape_Length,Shape_Area
1,10.5.1a/10.5.1d,70/30,17c/17c,No concern at present,Least concern,5.000000000000000,E2M,Remnant,,13.479925818855415,,10.5.1a/10.5.1d,1671.158709110464770,134709.180155701673357
2,10.5.5a,100,17b,No concern at present,Least concern,5.000000000000000,E2M,Remnant,,3.448071933270128,10.5.5,10.5.5a,828.090799028394827,34457.567798514326569
3,10.5.1a/10.5.1d,70/30,17c/17c,No concern at present,Least concern,5.000000000000000,Ecological Australia,Remnant,,17.979662875680781,,10.5.1a/10.5.1d,1647.547485811499655,179675.825937718851492
4,10.5.1a/10.5.1d,70/30,17c/17c,No concern at present,Least concern,5.000000000000000,Ecological Australia,Remnant,,53.970474071281878,,10.5.1a/10.5.1d,3150.627738654881341,539343.425128150731325
5,10.3.6,100,17a,No concern at present,Least concern,3.000000000000000,Ecological Australia,Remnant,,0.017316939960497,10.3.6,10.3.6ax1,79.077897564362686,173.053451061598594
6,10.5.1a/10.5.1d,70/30,17c/17c,No concern at present,Least concern,5.000000000000000,Ecological Australia,Remnant,,0.272810773702635,,10.5.1a/10.5.1d,277.737217008734717,2726.274047729415088
