OID_,RE_Code,PERCENT,BVG1M,BIODIVERSITY_STATUS,VM_CLASS,LAND_ZONE,Consultant,Veg_Class,Veg_Type,AreaHA,RE_ID,RE_Code_v11,Shape_Length,Shape_Area
1,10.3.6,100,17a,No concern at present,Least concern,3.000000000000000,Ecological Australia,Remnant,,39.663313222151864,10.3.6,10.3.6ax1,4911.406546974735647,396367.676382276345976
2,10.5.1a/10.5.1d,70/30,17c/17c,No concern at present,Least concern,5.000000000000000,E2M,Remnant,,3.259516510242148,,10.5.1a/10.5.1d,1084.164271585259030,32573.389778359905904
3,10.5.5a,100,17b,No concern at present,Least concern,5.000000000000000,Ecological Australia,Remnant,,16.600853230264125,10.5.5,10.5.5a,2527.443060538939335,165897.416362670686794
4,10.5.5a,100,17b,No concern at present,Least concern,5.000000000000000,E2M,Remnant,,3.956070984332099,10.5.5,10.5.5a,789.169021057119949,39534.150906334907631
5,10.5.1a/10.5.1d,70/30,17c/17c,No concern at present,Least concern,5.000000000000000,Ecological Australia,Remnant,,29.304115544240886,,10.5.1a/10.5.1d,2496.863853972290144,292844.456434066640213
6,10.5.1a/10.5.1d,70/30,17c/17c,No concern at present,Least concern,5.000000000000000,Ecological Australia,Remnant,,81.344397014223489,,10.5.1a/10.5.1d,3649.172462253286540,812899.541851213201880
7,10.5.1d/10.5.1a,70/30,17c/17c,No concern at present,Least concern,5.000000000000000,Ecological Australia,Remnant,,8.477213630555688,,10.5.1d/10.5.1a,1503.818388957594607,84715.553899237551377
