OID_,RE_Code,PERCENT,BVG1M,BIODIVERSITY_STATUS,VM_CLASS,LAND_ZONE,Consultant,Veg_Class,Veg_Type,AreaHA,RE_ID,RE_Code_v11,Shape_Length,Shape_Area
1,10.5.1a/10.5.1d,70/30,17c/17c,No concern at present,Least concern,5.000000000000000,Ecological Australia,Remnant,,22.529763726157185,,10.5.1a/10.5.1d,2223.985694367073393,225149.195808707823744
2,10.5.5a,100,17b,No concern at present,Least concern,5.000000000000000,Ecological Australia,Remnant,,552.916454957439328,10.5.5,10.5.5a,15733.131882760635563,5525525.951873314566910
3,10.3.6,100,17a,No concern at present,Least concern,3.000000000000000,Ecological Australia,Remnant,,4.459740299800099,10.3.6,10.3.6ax1,1086.256307215956440,44568.025920242180291
4,10.3.6,100,17a,No concern at present,Least concern,3.000000000000000,Ecological Australia,Remnant,,8.706138147552293,10.3.6,10.3.6ax1,2146.126919194141919,87004.265600959217409
