OID_,RE_Code,PERCENT,BVG1M,BIODIVERSITY_STATUS,VM_CLASS,LAND_ZONE,Consultant,Veg_Class,Veg_Type,AreaHA,RE_ID,RE_Code_v11,Shape_Length,Shape_Area
1,10.3.6,100,17a,No concern at present,Least concern,3.000000000000000,Ecological Australia,Remnant,,17.629417256435801,10.3.6,10.3.6ax1,3950.001468239468522,176180.071641321090283
2,10.5.1d/10.5.1a,70/30,17c/17c,No concern at present,Least concern,5.000000000000000,Ecological Australia,Remnant,,1.484949243700725,,10.5.1d/10.5.1a,848.086764332506959,14839.882642978767763
3,10.5.5a,100,17b,No concern at present,Least concern,5.000000000000000,Ecological Australia,Remnant,,69.994212131483394,10.5.5,10.5.5a,10987.460609624204153,699486.517863177112304
4,10.3.6,100,17a,No concern at present,Least concern,3.000000000000000,Ecological Australia,Remnant,,1.835326790901204,10.3.6,10.3.6ax1,607.065433666204285,18341.314790031599841
5,10.3.6,100,17a,No concern at present,Least concern,3.000000000000000,Ecological Australia,Remnant,,0.999276159267640,10.3.6,10.3.6ax1,423.981008378366880,9986.269365561354789
6,10.3.6,100,17a,No concern at present,Least concern,3.000000000000000,Ecological Australia,Remnant,,0.011178459583246,10.3.6,10.3.6ax1,69.671413513230178,111.711598294577001
