OID_,RE_Code,PERCENT,BVG1M,BIODIVERSITY_STATUS,VM_CLASS,LAND_ZONE,Consultant,Veg_Class,Veg_Type,AreaHA,RE_ID,RE_Code_v11,Shape_Length,Shape_Area
1,10.3.6,100,17a,No concern at present,Least concern,3.000000000000000,Ecological Australia,Remnant,,1.060600771565394,10.3.6,10.3.6ax1,447.391269013415581,10598.993402093725308
2,10.5.1a/10.5.1d,70/30,17c/17c,No concern at present,Least concern,5.000000000000000,Ecological Australia,Remnant,,2.914462002823747,,10.5.1a/10.5.1d,1075.689960949368469,29125.436839282341680
3,10.5.5a,100,17b,No concern at present,Least concern,5.000000000000000,Ecological Australia,Remnant,,51.101960665894246,10.5.5,10.5.5a,6837.666230057612665,510682.614985995634925
4,10.3.6,100,17a,No concern at present,Least concern,3.000000000000000,Ecological Australia,Remnant,,4.377515668356901,10.3.6,10.3.6ax1,1039.643633804705132,43746.239655128636514
5,10.3.6,100,17a,No concern at present,Least concern,3.000000000000000,Ecological Australia,Remnant,,0.762147842238851,10.3.6,10.3.6ax1,366.886353533582792,7616.451134590941365
6,10.3.6,100,17a,No concern at present,Least concern,3.000000000000000,Ecological Australia,Remnant,,3.747436194957848,10.3.6,10.3.6ax1,1371.033816470751162,37449.678743976801343
