OID_,RE_Code,PERCENT,BVG1M,BIODIVERSITY_STATUS,VM_CLASS,LAND_ZONE,Consultant,Veg_Class,Veg_Type,AreaHA,RE_ID,RE_Code_v11,Shape_Length,Shape_Area
1,10.5.1d/10.5.1a,70/30,17c/17c,No concern at present,Least concern,5.000000000000000,Ecological Australia,Remnant,,0.049853971492304,,10.5.1d/10.5.1a,119.597438060940831,498.210640692592051
2,10.5.5a,100,17b,No concern at present,Least concern,5.000000000000000,Ecological Australia,Remnant,,148.316905428864345,10.5.5,10.5.5a,5684.912694304959587,1482188.931531095411628
3,10.5.1d/10.5.1a,70/30,17c/17c,No concern at present,Least concern,5.000000000000000,Ecological Australia,Remnant,,0.133685865901384,,10.5.1d/10.5.1a,201.733846172516479,1335.977512052230395
