OID_,RE_Code,PERCENT,BVG1M,BIODIVERSITY_STATUS,VM_CLASS,LAND_ZONE,Consultant,Veg_Class,Veg_Type,AreaHA,RE_ID,RE_Code_v11,Shape_Length,Shape_Area
1,10.5.1a/10.5.1d,70/30,17c/17c,No concern at present,Least concern,5.000000000000000,Ecological Australia,Remnant,,44.742113986720106,,10.5.1a/10.5.1d,3384.585639492157497,447124.953403667721432
2,10.5.5a,100,17b,No concern at present,Least concern,5.000000000000000,Ecological Australia,Remnant,,73.103132394166934,10.5.5,10.5.5a,5193.385204784046437,730548.380228088470176
3,10.5.5a,100,17b,No concern at present,Least concern,5.000000000000000,Ecological Australia,Remnant,,0.421031943940310,10.5.5,10.5.5a,305.195428290246753,4207.525247702895285
4,10.3.6,100,17a,No concern at present,Least concern,3.000000000000000,Ecological Australia,Remnant,,5.581984773125218,10.3.6,10.3.6ax1,1770.610875313803035,55782.850431189253868
