OID_,RE_Code,PERCENT,BVG1M,BIODIVERSITY_STATUS,VM_CLASS,LAND_ZONE,Consultant,Veg_Class,Veg_Type,AreaHA,RE_ID,RE_Code_v11,Shape_Length,Shape_Area
1,10.5.1a/10.5.1d,70/30,17c/17c,No concern at present,Least concern,5.000000000000000,Ecological Australia,Remnant,,7.107382864774820,,10.5.1a/10.5.1d,1262.814178265944292,71027.038105388157419
2,10.5.5a,100,17b,No concern at present,Least concern,5.000000000000000,Ecological Australia,Remnant,,186.805572331347264,10.5.5,10.5.5a,8148.642539768571623,1866822.612674845615402
3,10.3.6,100,17a,No concern at present,Least concern,3.000000000000000,Ecological Australia,Remnant,,0.000491075052017,10.3.6,10.3.6ax1,19.312225963765744,4.907522974075938
