OID_,RE_Code,PERCENT,BVG1M,BIODIVERSITY_STATUS,VM_CLASS,LAND_ZONE,Consultant,Veg_Class,Veg_Type,AreaHA,RE_ID,RE_Code_v11,Shape_Length,Shape_Area
1,10.5.5a,100,17b,No concern at present,Least concern,5.000000000000000,Ecological Australia,Remnant,,36.089371771137202,10.5.5,10.5.5a,4901.326522409916834,360657.215557420277037
2,10.3.6,100,17a,No concern at present,Least concern,3.000000000000000,Ecological Australia,Remnant,,7.311973042637026,10.3.6,10.3.6ax1,1915.608139397015975,73071.775918902465492
3,10.3.6,100,17a,No concern at present,Least concern,3.000000000000000,Ecological Australia,Remnant,,3.584806363571396,10.3.6,10.3.6ax1,799.063394460283916,35824.624074533348903
