OID_,RE_Code,PERCENT,BVG1M,BIODIVERSITY_STATUS,VM_CLASS,LAND_ZONE,Consultant,Veg_Class,Veg_Type,AreaHA,RE_ID,RE_Code_v11,Shape_Length,Shape_Area
1,10.3.6,100,17a,No concern at present,Least concern,3.000000000000000,Ecological Australia,Remnant,,6.239173035864557,10.3.6,10.3.6ax1,1749.982024410535814,62351.419263484385738
2,10.5.1a/10.5.1d,70/30,17c/17c,No concern at present,Least concern,5.000000000000000,Ecological Australia,Remnant,,11.925942213802191,,10.5.1a/10.5.1d,1981.655921060054652,119182.373444833705435
3,10.5.1d/10.5.1a,70/30,17c/17c,No concern at present,Least concern,5.000000000000000,Ecological Australia,Remnant,,11.020701780175491,,10.5.1d/10.5.1a,1917.385855509918201,110135.837437723108451
4,10.5.5a,100,17b,No concern at present,Least concern,5.000000000000000,Ecological Australia,Remnant,,22.098703980154067,10.5.5,10.5.5a,3687.045469250771021,220844.246162039693445
