OID_,RE_Code,PERCENT,BVG1M,BIODIVERSITY_STATUS,VM_CLASS,LAND_ZONE,Consultant,Veg_Class,Veg_Type,AreaHA,RE_ID,RE_Code_v11,Shape_Length,Shape_Area
1,10.5.1a/10.5.1d,70/30,17c/17c,No concern at present,Least concern,5.000000000000000,Ecological Australia,Remnant,,10.240341015539279,,10.5.1a/10.5.1d,1519.565709328862567,102335.985525872703874
2,10.5.5a,100,17b,No concern at present,Least concern,5.000000000000000,Ecological Australia,Remnant,,250.688937159837650,10.5.5,10.5.5a,10841.779166399906899,2505234.415836154948920
3,10.3.6,100,17a,No concern at present,Least concern,3.000000000000000,Ecological Australia,Remnant,,0.289456944949616,10.3.6,10.3.6ax1,223.070908312073243,2892.664320711999608
4,10.3.6,100,17a,No concern at present,Least concern,3.000000000000000,Ecological Australia,Remnant,,4.283452701328929,10.3.6,10.3.6ax1,1064.491029066623923,42806.394910048897145
