OID_,RE_Code,PERCENT,BVG1M,BIODIVERSITY_STATUS,VM_CLASS,LAND_ZONE,Consultant,Veg_Class,Veg_Type,AreaHA,RE_ID,RE_Code_v11,Shape_Length,Shape_Area
1,10.5.1a/10.5.1d,70/30,17c/17c,No concern at present,Least concern,5.000000000000000,Ecological Australia,Remnant,,30.407096635387024,,10.5.1a/10.5.1d,4159.263348326887353,303870.441523482673801
2,10.5.5a,100,17b,No concern at present,Least concern,5.000000000000000,Ecological Australia,Remnant,,547.528326018463531,10.5.5,10.5.5a,12476.137360212731437,5471667.465175673365593
3,10.3.6,100,17a,No concern at present,Least concern,3.000000000000000,Ecological Australia,Remnant,,3.785717433333157,10.3.6,10.3.6ax1,954.226883461748912,37832.239983865125396
4,10.3.6,100,17a,No concern at present,Least concern,3.000000000000000,Ecological Australia,Remnant,,7.793110614445088,10.3.6,10.3.6ax1,2060.141784578055194,77879.966846556431847
