OID_,RE_Code,PERCENT,BVG1M,BIODIVERSITY_STATUS,VM_CLASS,LAND_ZONE,Consultant,Veg_Class,Veg_Type,AreaHA,RE_ID,RE_Code_v11,Shape_Length,Shape_Area
1,10.3.6,100,17a,No concern at present,Least concern,3.000000000000000,Ecological Australia,Remnant,,8.604195679861927,10.3.6,10.3.6ax1,1474.842745846172193,85986.272758220569813
2,10.5.1d/10.5.1a,70/30,17c/17c,No concern at present,Least concern,5.000000000000000,Ecological Australia,Remnant,,0.430927008313020,,10.5.1d/10.5.1a,439.624868799168041,4306.481260845947872
3,10.5.5a,100,17b,No concern at present,Least concern,5.000000000000000,Ecological Australia,Remnant,,20.316788901939411,10.5.5,10.5.5a,3161.477612011941346,203036.383851279679220
