OID_,RE_Code,PERCENT,BVG1M,BIODIVERSITY_STATUS,VM_CLASS,LAND_ZONE,Consultant,Veg_Class,Veg_Type,AreaHA,RE_ID,RE_Code_v11,Shape_Length,Shape_Area
1,10.5.1a/10.5.1d,70/30,17c/17c,No concern at present,Least concern,5.000000000000000,Ecological Australia,Remnant,,15.806974557202329,,10.5.1a/10.5.1d,2438.629835893511881,157961.262726918299450
2,10.5.1a/10.5.1d,70/30,17c/17c,No concern at present,Least concern,5.000000000000000,Ecological Australia,Remnant,,3.693704146120004,,10.5.1a/10.5.1d,808.707083527887335,36911.875171140323801
3,10.5.5a,100,17b,No concern at present,Least concern,5.000000000000000,Ecological Australia,Remnant,,47.498584109080042,10.5.5,10.5.5a,4786.134043086783095,474660.661966102605220
4,10.3.6,100,17a,No concern at present,Least concern,3.000000000000000,Ecological Australia,Remnant,,1.445873383000727,10.3.6,10.3.6ax1,543.046431894746888,14448.802214935532902
