OID_,RE_Code,PERCENT,BVG1M,BIODIVERSITY_STATUS,VM_CLASS,LAND_ZONE,Consultant,Veg_Class,Veg_Type,AreaHA,RE_ID,RE_Code_v11,Shape_Length,Shape_Area
1,10.4.3a,100,25a,Endangered,Least concern,4.000000000000000,Ecological Australia,Remnant,,2.532336967628675,10.4.3,10.4.3a,1131.374803082215521,25306.072276443035662
2,10.5.1a/10.5.1d,70/30,17c/17c,No concern at present,Least concern,5.000000000000000,Ecological Australia,Remnant,,0.137645321771903,,10.5.1a/10.5.1d,222.083635958998912,1375.510240670022540
3,10.5.1a/10.5.1d,70/30,17c/17c,No concern at present,Least concern,5.000000000000000,Ecological Australia,Remnant,,11.482227257022013,,10.5.1a/10.5.1d,1523.450766701019120,114743.933898355957353
4,10.5.5a,100,17b,No concern at present,Least concern,5.000000000000000,Ecological Australia,Remnant,,0.599329780906012,10.5.5,10.5.5a,328.992097480430175,5989.208796549572980
5,10.5.5a,100,17b,No concern at present,Least concern,5.000000000000000,Ecological Australia,Remnant,,134.081290823277925,10.5.5,10.5.5a,5848.988671062059439,1339896.431028969585896
