OID_,RE_Code,PERCENT,BVG1M,BIODIVERSITY_STATUS,VM_CLASS,LAND_ZONE,Consultant,Veg_Class,Veg_Type,AreaHA,RE_ID,RE_Code_v11,Shape_Length,Shape_Area
1,10.5.5a,100,17b,No concern at present,Least concern,5.000000000000000,E2M,Remnant,,1.301585830843134,10.5.5,10.5.5a,747.626338587790997,13007.122702580370969
2,10.5.1a/10.5.1d,70/30,17c/17c,No concern at present,Least concern,5.000000000000000,Ecological Australia,Remnant,,3.748192220803525,,10.5.1a/10.5.1d,741.378518031248746,37456.754574676633638
3,10.5.1a/10.5.1d,70/30,17c/17c,No concern at present,Least concern,5.000000000000000,Ecological Australia,Remnant,,44.081275410535667,,10.5.1a/10.5.1d,2565.153993220508255,440517.484009600826539
