OID_,RE_Code,PERCENT,BVG1M,BIODIVERSITY_STATUS,VM_CLASS,LAND_ZONE,Consultant,Veg_Class,Veg_Type,AreaHA,RE_ID,RE_Code_v11,Shape_Length,Shape_Area
1,10.3.6,100,17a,No concern at present,Least concern,3.000000000000000,Ecological Australia,Remnant,,23.893212607821262,10.3.6,10.3.6ax1,2731.713609855880350,238772.291082067065872
2,10.5.1a/10.5.1d,70/30,17c/17c,No concern at present,Least concern,5.000000000000000,E2M,Remnant,,4.313102583154599,,10.5.1a/10.5.1d,1070.487712421630476,43102.205203630262986
3,10.5.5a,100,17b,No concern at present,Least concern,5.000000000000000,Ecological Australia,Remnant,,2.739003471675389,10.5.5,10.5.5a,873.154418991554394,27371.730396166683931
4,10.5.5a,100,17b,No concern at present,Least concern,5.000000000000000,E2M,Remnant,,4.233594391199611,10.5.5,10.5.5a,805.562967363119469,42307.521739934796642
5,10.5.1a/10.5.1d,70/30,17c/17c,No concern at present,Least concern,5.000000000000000,Ecological Australia,Remnant,,12.108083959272218,,10.5.1a/10.5.1d,1581.209269715255459,120999.576137245749123
6,10.5.1a/10.5.1d,70/30,17c/17c,No concern at present,Least concern,5.000000000000000,Ecological Australia,Remnant,,83.506954943617785,,10.5.1a/10.5.1d,3707.262544980678740,834510.571923343464732
7,10.5.1d/10.5.1a,70/30,17c/17c,No concern at present,Least concern,5.000000000000000,Ecological Australia,Remnant,,2.235417876965050,,10.5.1d/10.5.1a,842.107346213667370,22339.255064618184406
