OID_,RE_Code,PERCENT,BVG1M,BIODIVERSITY_STATUS,VM_CLASS,LAND_ZONE,Consultant,Veg_Class,Veg_Type,AreaHA,RE_ID,RE_Code_v11,Shape_Length,Shape_Area
1,10.3.6,100,17a,No concern at present,Least concern,3.000000000000000,Ecological Australia,Remnant,,19.584943494048463,10.3.6,10.3.6ax1,2375.328379234754266,195718.303145197947742
2,10.5.1a/10.5.1d,70/30,17c/17c,No concern at present,Least concern,5.000000000000000,E2M,Remnant,,1.702524389698813,,10.5.1a/10.5.1d,659.408215049447904,17013.862313983579952
3,10.5.5a,100,17b,No concern at present,Least concern,5.000000000000000,E2M,Remnant,,3.946347969514807,10.5.5,10.5.5a,948.994643097373114,39436.985075622018485
4,10.5.1a/10.5.1d,70/30,17c/17c,No concern at present,Least concern,5.000000000000000,Ecological Australia,Remnant,,1.733066329513370,,10.5.1a/10.5.1d,927.347913925080547,17319.039996727431571
5,10.5.1a/10.5.1d,70/30,17c/17c,No concern at present,Least concern,5.000000000000000,Ecological Australia,Remnant,,72.824805737573897,,10.5.1a/10.5.1d,3682.797698639514238,727760.463012134656310
