OID_,RE_Code,PERCENT,BVG1M,BIODIVERSITY_STATUS,VM_CLASS,LAND_ZONE,Consultant,Veg_Class,Veg_Type,AreaHA,RE_ID,RE_Code_v11,Shape_Length,Shape_Area
1,10.3.6,100,17a,No concern at present,Least concern,3.000000000000000,Ecological Australia,Remnant,,14.474517686851657,10.3.6,10.3.6ax1,2987.854556597861119,144651.533434123848565
2,10.5.1a/10.5.1d,70/30,17c/17c,No concern at present,Least concern,5.000000000000000,Ecological Australia,Remnant,,40.212196156095210,,10.5.1a/10.5.1d,2649.231403185295221,401862.101372105244081
3,10.5.1d/10.5.1a,70/30,17c/17c,No concern at present,Least concern,5.000000000000000,Ecological Australia,Remnant,,8.554031081784995,,10.5.1d/10.5.1a,1453.907721354507657,85484.966511653183261
4,10.5.5a,100,17b,No concern at present,Least concern,5.000000000000000,Ecological Australia,Remnant,,76.782301344522594,10.5.5,10.5.5a,6310.166844785467219,767326.186988638364710
5,10.3.6,100,17a,No concern at present,Least concern,3.000000000000000,Ecological Australia,Remnant,,0.017399114888298,10.3.6,10.3.6ax1,60.479190531431890,173.878166273949915
