OID_,RE_Code,PERCENT,BVG1M,BIODIVERSITY_STATUS,VM_CLASS,LAND_ZONE,Consultant,Veg_Class,Veg_Type,AreaHA,RE_ID,RE_Code_v11,Shape_Length,Shape_Area
1,10.3.6,100,17a,No concern at present,Least concern,3.000000000000000,Ecological Australia,Remnant,,2.418978437193485,10.3.6,10.3.6ax1,1087.023310248526286,24173.582747796488547
2,10.5.1a/10.5.1d,70/30,17c/17c,No concern at present,Least concern,5.000000000000000,Ecological Australia,Remnant,,78.352824210438300,,10.5.1a/10.5.1d,6115.316684639784398,783000.727397968294099
3,10.5.5a,100,17b,No concern at present,Least concern,5.000000000000000,Ecological Australia,Remnant,,9.607247178787549,10.5.5,10.5.5a,1688.612623238283277,96007.948155356018106
4,10.5.5a,100,17b,No concern at present,Least concern,5.000000000000000,Ecological Australia,Remnant,,38.274044027500480,10.5.5,10.5.5a,6697.163473479985441,382482.974107358139008
