OID_,RE_Code,PERCENT,BVG1M,BIODIVERSITY_STATUS,VM_CLASS,LAND_ZONE,Consultant,Veg_Class,Veg_Type,AreaHA,RE_ID,RE_Code_v11,Shape_Length,Shape_Area
1,10.5.1a/10.5.1d,70/30,17c/17c,No concern at present,Least concern,5.000000000000000,Ecological Australia,Remnant,,2.481023629100637,,10.5.1a/10.5.1d,817.899870704428736,24793.905760138008191
2,10.5.1a/10.5.1d,70/30,17c/17c,No concern at present,Least concern,5.000000000000000,Ecological Australia,Remnant,,18.569374623484357,,10.5.1a/10.5.1d,1741.768567509420109,185572.664085955970222
3,10.5.5a,100,17b,No concern at present,Least concern,5.000000000000000,Ecological Australia,Remnant,,524.298034778235660,10.5.5,10.5.5a,10988.594310394262720,5239525.818720222450793
4,10.3.6,100,17a,No concern at present,Least concern,3.000000000000000,Ecological Australia,Remnant,,2.651746641527506,10.3.6,10.3.6ax1,1208.287788354544773,26500.086663378628145
5,10.3.6,100,17a,No concern at present,Least concern,3.000000000000000,Ecological Australia,Remnant,,3.061834758771291,10.3.6,10.3.6ax1,759.975040999166481,30598.327675227217696
