OID_,RE_Code,PERCENT,BVG1M,BIODIVERSITY_STATUS,VM_CLASS,LAND_ZONE,Consultant,Veg_Class,Veg_Type,AreaHA,RE_ID,RE_Code_v11,Shape_Length,Shape_Area
1,10.5.1a,100,17c,No concern at present,Least concern,5.000000000000000,Ecological Australia,Remnant,,0.089580470389616,10.5.1,10.5.1a,217.904994333789233,895.222556125676761
2,10.5.1a/10.5.1d,70/30,17c/17c,No concern at present,Least concern,5.000000000000000,Ecological Australia,Remnant,,45.642985412147610,,10.5.1a/10.5.1d,4636.438883039653774,456128.607188927766401
3,10.5.1a/10.5.1d,70/30,17c/17c,No concern at present,Least concern,5.000000000000000,Ecological Australia,Remnant,,49.042274672525878,,10.5.1a/10.5.1d,3062.856137571940508,490103.332634732825682
4,10.5.1a/10.5.1d,70/30,17c/17c,No concern at present,Least concern,5.000000000000000,Ecological Australia,Remnant,,11.932595289518797,,10.5.1a/10.5.1d,2752.465754750260203,119248.026835691955057
5,10.5.5a,100,17b,No concern at present,Least concern,5.000000000000000,Ecological Australia,Remnant,,1241.766236860028357,10.5.5,10.5.5a,22863.030389891970117,12409506.859039055183530
6,10.3.6,100,17a,No concern at present,Least concern,3.000000000000000,Ecological Australia,Remnant,,6.716159208171538,10.3.6,10.3.6ax1,1405.000212592862454,67117.339210581383668
7,10.3.6,100,17a,No concern at present,Least concern,3.000000000000000,Ecological Australia,Remnant,,8.706354985519649,10.3.6,10.3.6ax1,2146.380843363742770,87006.432705769446329
8,10.3.6,100,17a,No concern at present,Least concern,3.000000000000000,Ecological Australia,Remnant,,3.762158319138407,10.3.6,10.3.6ax1,817.817898435959705,37596.984430253076425
