OID_,RE_Code,PERCENT,BVG1M,BIODIVERSITY_STATUS,VM_CLASS,LAND_ZONE,Consultant,Veg_Class,Veg_Type,AreaHA,RE_ID,RE_Code_v11,Shape_Length,Shape_Area
1,10.5.1a/10.5.1d,70/30,17c/17c,No concern at present,Least concern,5.000000000000000,Ecological Australia,Remnant,,4.064856095241991,,10.5.1a/10.5.1d,949.644837684410390,40621.803265380112862
2,10.5.5a,100,17b,No concern at present,Least concern,5.000000000000000,Ecological Australia,Remnant,,159.173204957653326,10.5.5,10.5.5a,7985.967764370720943,1590691.408986267633736
3,10.3.6,100,17a,No concern at present,Least concern,3.000000000000000,Ecological Australia,Remnant,,5.711483433241155,10.3.6,10.3.6ax1,1663.202390851743530,57077.389849176746793
4,10.3.6,100,17a,No concern at present,Least concern,3.000000000000000,Ecological Australia,Remnant,,3.762158319138407,10.3.6,10.3.6ax1,817.817898435959705,37596.984430253076425
