r,n,mean_error,std_error
1,367,291.2435470694416,14.850391077083255
