r,n,mean_error,std_error
1,272,294.6296834570148,14.858242121513749
