r,n,mean_error,std_error
1,258,288.40015723186474,14.804744063263163
