r,n,mean_error,std_error
1,249,291.44630028437035,15.271862474367733
