r,n,mean_error,std_error
1,279,292.80216272995006,15.149774149142834
