r,n,mean_error,std_error
1,98,302.99357067768426,15.646407731157037
