r,n,mean_error,std_error
1,352,293.7871237671986,15.12380941666825
