r,n,mean_error,std_error
1,213,303.7103243062065,14.91839606940635
