r,n,mean_error,std_error
1,317,291.77946957567826,15.116808735483854
