r,n,mean_error,std_error
1,7,377.897091376214,16.075682242869696
