r,n,mean_error,std_error
1,397,286.0439294919923,14.903421540245908
