r,n,mean_error,std_error
1,172,300.8199168543302,15.414848728415
