r,n,mean_error,std_error
1,17,344.6763501588846,15.982776950273232
