r,n,mean_error,std_error
1,238,309.0737431112048,15.082503219496457
