r,n,mean_error,std_error
1,327,286.9632833068275,14.849247121794164
