r,n,mean_error,std_error
1,109,339.0510548790537,14.834211168233649
