r,n,mean_error,std_error
1,29,506.24181350219254,20.058295322277303
