r,n,mean_error,std_error
1,179,323.79447946045536,14.127791692593485
