r,n,mean_error,std_error
1,354,282.6346521543881,14.932792195856802
