r,n,mean_error,std_error
1,188,299.3899180338329,15.456623811226008
