r,n,mean_error,std_error
1,262,288.33874062454737,14.941892406314102
