r,n,mean_error,std_error
1,309,283.9708461990144,14.924355703671809
