r,n,mean_error,std_error
1,189,296.5370799338111,15.289398908184152
