r,n,mean_error,std_error
1,288,297.2049846188394,14.336355805413723
