r,n,mean_error,std_error
1,259,285.7925080878185,15.002733991851315
