r,n,mean_error,std_error
1,252,300.1427675274776,14.925522459324045
