r,n,mean_error,std_error
1,2,1366.1440592720123,93.7162499800569
