r,n,mean_error,std_error
1,4,359.9006091239103,17.220071633293273
