r,n,mean_error,std_error
1,209,302.42985230228425,15.10904761843564
