r,n,mean_error,std_error
1,364,287.2169893460816,15.039525623894184
