r,n,mean_error,std_error
1,108,310.31638916056477,16.629362250043656
