r,n,mean_error,std_error
1,312,294.0309593309483,14.653127991049798
