r,n,mean_error,std_error
1,84,295.9464966213983,14.94250844216596
