r,n,mean_error,std_error
1,184,291.8088538579135,14.9204988888366
