r,n,mean_error,std_error
1,232,290.6508181514997,14.140631689464298
