r,n,mean_error,std_error
1,399,286.29484207280643,14.72776246734207
