r,n,mean_error,std_error
1,63,315.23124728295403,15.7786384207992
