r,n,mean_error,std_error
1,329,291.07995142788866,14.930695737047655
