r,n,mean_error,std_error
1,268,292.0758685022203,15.368810464875152
