r,n,mean_error,std_error
1,99,326.274897037671,15.569015881712033
