r,n,mean_error,std_error
1,379,291.60377473644724,14.804281096214217
