r,n,mean_error,std_error
1,217,295.90324264700905,15.48246322270832
