r,n,mean_error,std_error
1,287,290.58166683174494,15.047777247564147
