r,n,mean_error,std_error
1,142,285.91558840139123,14.742472795090618
