r,n,mean_error,std_error
1,62,291.1290526732319,15.920143201914517
