r,n,mean_error,std_error
1,289,319.7039876068896,15.16432034402354
