r,n,mean_error,std_error
1,321,288.6275200120937,15.072078119777126
