r,n,mean_error,std_error
1,82,295.9862578763586,13.723320242160137
