r,n,mean_error,std_error
1,403,288.2425671986889,14.762297342570733
