r,n,mean_error,std_error
1,239,290.6846139727927,14.901864523964141
