r,n,mean_error,std_error
1,16,367.5725051487265,17.886450209494356
