r,n,mean_error,std_error
1,94,294.47651395196647,15.036157799990734
