r,n,mean_error,std_error
1,124,324.0981089116001,14.80202855326776
