r,n,mean_error,std_error
1,280,286.5432849394274,14.712723923894844
