r,n,mean_error,std_error
1,1,618.6707234184139,26.827061180520573
