r,n,mean_error,std_error
1,366,297.57869866917866,14.952766733276773
