r,n,mean_error,std_error
1,348,290.60539358171735,14.755019941168428
