r,n,mean_error,std_error
1,153,306.20651996742066,14.884902627677087
