r,n,mean_error,std_error
1,117,302.32892969927565,15.209392115769461
