r,n,mean_error,std_error
1,273,286.3875167919483,14.60968527361473
