r,n,mean_error,std_error
1,291,289.9809508795791,14.843684777285986
