r,n,mean_error,std_error
1,36,339.6185778084927,15.740289229888015
