r,n,mean_error,std_error
1,80,305.5509484189753,14.94433468625804
