r,n,mean_error,std_error
1,391,289.61990122087525,14.978825259406396
