r,n,mean_error,std_error
1,210,285.4864054381123,15.30026996350796
