r,n,mean_error,std_error
1,193,291.41659714899976,15.291964186089196
