r,n,mean_error,std_error
1,248,288.5749587041108,15.10534182935491
