r,n,mean_error,std_error
1,284,287.3947552149898,14.643701040318222
