r,n,mean_error,std_error
1,255,285.05204940201304,15.17881828226155
