r,n,mean_error,std_error
1,351,293.442438512896,14.773575146223726
