r,n,mean_error,std_error
1,266,284.47317139840544,15.021096549006897
