r,n,mean_error,std_error
1,269,292.0202023768322,14.8901768668858
