r,n,mean_error,std_error
1,344,289.41966588593255,15.168131837427637
