r,n,mean_error,std_error
1,69,322.6992224418469,15.926203370472106
