r,n,mean_error,std_error
1,240,316.59263864139194,14.485552391671465
