r,n,mean_error,std_error
1,299,316.1007131569451,15.423130223946217
