r,n,mean_error,std_error
1,373,290.96027574148906,14.719164594465383
