r,n,mean_error,std_error
1,328,289.717779369705,15.059196481068769
