r,n,mean_error,std_error
1,246,285.91305337408306,14.879909441176174
