r,n,mean_error,std_error
1,11,411.2219617164606,19.00981843426288
