r,n,mean_error,std_error
1,295,284.67168280624065,14.848451661366084
