r,n,mean_error,std_error
1,128,309.1928897561292,16.13769807169777
