r,n,mean_error,std_error
1,24,334.81457798196834,16.95632005680969
