r,n,mean_error,std_error
1,66,295.59036092668975,14.640830603509759
