r,n,mean_error,std_error
1,121,296.35084818294956,14.776466190925005
