r,n,mean_error,std_error
1,175,307.23870122712174,14.934345132495626
