r,n,mean_error,std_error
1,270,290.6074133899775,14.736965827710723
