r,n,mean_error,std_error
1,176,308.0016421126548,16.21247698173476
