r,n,mean_error,std_error
1,337,306.05136235942206,15.146891625195556
