r,n,mean_error,std_error
1,50,322.24811501494275,16.36199913088732
