r,n,mean_error,std_error
1,378,287.3712148370982,14.940430027280831
