r,n,mean_error,std_error
1,305,295.9387220499056,15.768480409058656
