r,n,mean_error,std_error
1,61,324.9017429614566,16.186424153685373
