r,n,mean_error,std_error
1,105,309.84308018268325,15.786966526114389
