r,n,mean_error,std_error
1,234,289.173428168082,15.299610125224731
