r,n,mean_error,std_error
1,355,292.93175912949613,15.005919202181506
