r,n,mean_error,std_error
1,357,284.72196803858833,15.007675927866307
