r,n,mean_error,std_error
1,254,306.5921120047933,15.523382603022547
