r,n,mean_error,std_error
1,111,302.49246058918607,16.039477115802164
