r,n,mean_error,std_error
1,368,290.53790786645607,15.209225153549445
