r,n,mean_error,std_error
1,388,288.26208660742304,15.052509416821275
