r,n,mean_error,std_error
1,57,297.2276113430278,15.850643943566775
