r,n,mean_error,std_error
1,260,288.7628447289889,15.047925090646045
