r,n,mean_error,std_error
1,339,293.0282655214781,15.04788740672849
