r,n,mean_error,std_error
1,386,286.8483175537494,14.823874113904534
