r,n,mean_error,std_error
1,256,308.42243013472205,15.143092209639438
