r,n,mean_error,std_error
1,247,286.6138964253074,14.974320327222314
