r,n,mean_error,std_error
1,131,308.2863128010786,15.83630614121104
