r,n,mean_error,std_error
1,165,288.2179092568199,14.593560727282261
