r,n,mean_error,std_error
1,335,286.9597188453847,14.904480284884137
