r,n,mean_error,std_error
1,396,285.8853283116011,14.847258363197128
