r,n,mean_error,std_error
1,310,291.10868996718733,15.077295087391484
