r,n,mean_error,std_error
1,146,296.4515800831669,15.871373483668792
