r,n,mean_error,std_error
1,318,296.82704489422065,14.68210891958524
