r,n,mean_error,std_error
1,296,285.3443108246429,14.702113572286375
