r,n,mean_error,std_error
1,25,330.48719325081294,16.104881642418643
