r,n,mean_error,std_error
1,332,299.40890234066023,15.031322119744456
