r,n,mean_error,std_error
1,370,287.1147742998148,14.963222926658517
