r,n,mean_error,std_error
1,385,287.1292652543063,14.821370998112378
