r,n,mean_error,std_error
1,313,290.4843757087625,15.064759995984232
