r,n,mean_error,std_error
1,90,314.04649742194454,17.769873282088962
