r,n,mean_error,std_error
1,104,295.6440195043993,15.253514285047011
