r,n,mean_error,std_error
1,390,291.5253934560231,14.789582443673927
