r,n,mean_error,std_error
1,405,288.4380179997077,14.9966834380767
