r,n,mean_error,std_error
1,402,288.4567279729347,14.904827242687826
