r,n,mean_error,std_error
1,303,312.0985848098839,14.672958709105265
