r,n,mean_error,std_error
1,311,292.33799662450025,14.807435835135227
