r,n,mean_error,std_error
1,324,286.07733794760424,14.904391545917507
