r,n,mean_error,std_error
1,341,292.7976659843118,14.706979072438596
