r,n,mean_error,std_error
1,91,320.96968259108604,16.45298944082128
