r,n,mean_error,std_error
1,377,296.64274926760515,14.728838559355685
