r,n,mean_error,std_error
1,261,308.1369071551843,15.195097854966146
