r,n,mean_error,std_error
1,384,288.9943136155627,15.003494192725656
