r,n,mean_error,std_error
1,47,350.84267722317304,15.341154331077393
