r,n,mean_error,std_error
1,267,293.5376028496414,14.96142279626368
