r,n,mean_error,std_error
1,6,454.7181870104744,18.891408964828123
