r,n,mean_error,std_error
1,70,340.0521149661262,17.234059207815932
