r,n,mean_error,std_error
1,316,291.5266777210387,14.804401744031777
