r,n,mean_error,std_error
1,95,417.8460716040249,15.073885427358592
