r,n,mean_error,std_error
1,241,294.0399567802491,15.810246296975693
