r,n,mean_error,std_error
1,274,299.6134467059022,15.59999427793234
