r,n,mean_error,std_error
1,244,304.2967269631144,14.24188986528505
