r,n,mean_error,std_error
1,67,311.8952251819423,15.620218144287298
