r,n,mean_error,std_error
1,26,313.99050004538555,15.402097440850563
