r,n,mean_error,std_error
1,356,289.6669059100758,14.785206394754855
