r,n,mean_error,std_error
1,297,288.20080436235884,15.067611299987318
