r,n,mean_error,std_error
1,158,300.63165329550367,16.738617783917835
