r,n,mean_error,std_error
1,322,283.6263485825873,14.755745909214607
