r,n,mean_error,std_error
1,353,289.55924528356593,15.158936792006376
