r,n,mean_error,std_error
1,306,281.46983159020095,14.588997352943544
