r,n,mean_error,std_error
1,401,287.88052812068133,14.771350625876149
