r,n,mean_error,std_error
1,375,292.808404651952,15.210104536426012
