r,n,mean_error,std_error
1,406,287.48811490130356,14.88757913315229
