r,n,mean_error,std_error
1,349,288.437562088727,15.085058871861568
