r,n,mean_error,std_error
1,376,284.307903519104,14.85626056428124
