r,n,mean_error,std_error
1,143,327.7789949262347,19.7495759014566
