r,n,mean_error,std_error
1,33,348.1027044028814,16.463220032403843
