r,n,mean_error,std_error
1,387,285.66840060927115,15.051878229149459
