r,n,mean_error,std_error
1,43,361.63031893948937,19.52960080049347
