r,n,mean_error,std_error
1,160,328.96194765236197,19.92672477540139
