r,n,mean_error,std_error
1,131,322.8645945252178,18.700018562901686
