r,n,mean_error,std_error
1,166,323.79956062152627,18.361016691565382
