r,n,mean_error,std_error
1,231,287.1973961092183,14.904930024414853
