r,n,mean_error,std_error
1,191,315.68080337736063,18.410961698979452
