r,n,mean_error,std_error
1,147,329.49010450427215,18.1743350078451
