r,n,mean_error,std_error
1,50,348.00431974249244,20.367558601976747
