r,n,mean_error,std_error
1,34,383.45300712707683,21.333075103822484
