r,n,mean_error,std_error
1,97,340.6925924720248,18.758386768730322
