r,n,mean_error,std_error
1,57,393.9168534725066,20.544427096418072
