r,n,mean_error,std_error
1,121,325.95136691492735,16.846268248181516
