r,n,mean_error,std_error
1,85,323.26122521634267,16.8933221780605
