r,n,mean_error,std_error
1,69,333.38765154300705,18.94298853177019
