r,n,mean_error,std_error
1,8,473.7832238071343,23.637195595447587
