r,n,mean_error,std_error
1,118,292.83905043071655,14.785607306239498
