r,n,mean_error,std_error
1,76,287.2845219930762,14.94767761764731
