r,n,mean_error,std_error
1,46,377.349669241327,19.8048003670797
