r,n,mean_error,std_error
1,202,310.69952619873595,16.733729505164348
