r,n,mean_error,std_error
1,235,297.2607822419458,15.700111047979343
