r,n,mean_error,std_error
1,199,303.9103343647144,16.60234402299665
