r,n,mean_error,std_error
1,81,339.40668147426044,18.900941834604655
