r,n,mean_error,std_error
1,171,318.62189892073843,17.26502617426393
