r,n,mean_error,std_error
1,22,604.8941553069927,59.640917917741454
