r,n,mean_error,std_error
1,122,316.05419635889643,17.5267376700701
