r,n,mean_error,std_error
1,8,427.65790769159327,25.911843886075665
