r,n,mean_error,std_error
1,195,300.04027139862205,16.410589094846788
