r,n,mean_error,std_error
1,160,291.92054466594846,14.863122668423392
