r,n,mean_error,std_error
1,71,342.8784247036447,19.779974651812662
