r,n,mean_error,std_error
1,211,291.6419016707879,14.797779001663464
