r,n,mean_error,std_error
1,230,296.94688418840366,14.864092954723201
