r,n,mean_error,std_error
1,76,338.10491860459297,18.166335937752308
