r,n,mean_error,std_error
1,203,325.03771083936374,20.27519361704673
