r,n,mean_error,std_error
1,200,306.20433184374286,17.5589399215878
