r,n,mean_error,std_error
1,18,362.2063495219562,18.793257490718677
