r,n,mean_error,std_error
1,28,323.89331285983013,16.057077352659725
