r,n,mean_error,std_error
1,200,296.45804128772835,15.370134830462543
