r,n,mean_error,std_error
1,67,313.5103179846579,17.32378792342955
