r,n,mean_error,std_error
1,19,313.8739106947142,17.043355665204576
