r,n,mean_error,std_error
1,74,326.47261492295877,19.981819682378326
