r,n,mean_error,std_error
1,223,313.95308714424976,18.998994002881144
