r,n,mean_error,std_error
1,27,356.0315975126742,18.660622541050493
