r,n,mean_error,std_error
1,382,290.21289257930005,14.640025342238156
