r,n,mean_error,std_error
1,350,291.23352304497706,15.424875098824549
