r,n,mean_error,std_error
1,5,502.2201477209706,18.901217629948622
