r,n,mean_error,std_error
1,65,330.6290410346079,16.296303370019107
