r,n,mean_error,std_error
1,192,293.74120180698975,15.095201221678884
