r,n,mean_error,std_error
1,140,348.12872901596796,20.308474230681732
