r,n,mean_error,std_error
1,182,333.51267194743656,18.235277565977082
