r,n,mean_error,std_error
1,371,288.6830763596018,14.673745846326739
