r,n,mean_error,std_error
1,119,287.9751727269025,14.679665973615123
