r,n,mean_error,std_error
1,71,300.21884865339,15.67771347430013
