r,n,mean_error,std_error
1,20,366.250840868832,22.06631834927108
