r,n,mean_error,std_error
1,330,295.20385325045623,15.02846878617944
