r,n,mean_error,std_error
1,6,569.1074923780675,32.64739476506203
