r,n,mean_error,std_error
1,20,483.65657022900365,15.46764255688608
