r,n,mean_error,std_error
1,157,295.0780390921697,15.222938535858349
