r,n,mean_error,std_error
1,129,329.6424969163168,18.04728181483752
