r,n,mean_error,std_error
1,72,329.8395722212447,19.184149479785003
