r,n,mean_error,std_error
1,83,327.32949196136263,17.749717575105414
