r,n,mean_error,std_error
1,290,290.79720204616206,14.993227757344815
