r,n,mean_error,std_error
1,53,349.7823815428796,17.848618220216792
