r,n,mean_error,std_error
1,220,322.60786330267456,18.40151786305668
