r,n,mean_error,std_error
1,347,287.7945340199162,14.81777709057771
