r,n,mean_error,std_error
1,114,305.75773448749936,17.316440935352716
