r,n,mean_error,std_error
1,172,330.332371961989,17.625022606983244
