r,n,mean_error,std_error
1,128,317.06048590911774,16.98379036951667
