r,n,mean_error,std_error
1,205,312.97729976824525,17.644515350942136
