r,n,mean_error,std_error
1,30,654.4991197201343,21.55513305189525
