r,n,mean_error,std_error
1,98,310.3036906910304,17.884355336395558
