r,n,mean_error,std_error
1,186,314.75575118914395,15.07397272394686
