r,n,mean_error,std_error
1,144,310.3168783491135,17.22201861693725
