r,n,mean_error,std_error
1,187,289.48596975414813,14.600701131643694
