r,n,mean_error,std_error
1,215,286.3902895459652,14.354480927036374
