r,n,mean_error,std_error
1,180,309.6745494776634,16.9495555118705
