r,n,mean_error,std_error
1,82,326.64282234875685,16.74715532666718
