r,n,mean_error,std_error
1,201,316.32329715935134,18.6973949723819
