r,n,mean_error,std_error
1,89,322.95881308603606,17.598819603094288
