r,n,mean_error,std_error
1,393,290.0289599122848,14.916182498391981
