r,n,mean_error,std_error
1,90,350.2552880493689,20.941090516708314
