r,n,mean_error,std_error
1,63,323.9962426539941,17.0588338369586
