r,n,mean_error,std_error
1,168,330.8744589165904,18.189348666946994
