r,n,mean_error,std_error
1,123,331.5469602337707,18.389013369407856
