r,n,mean_error,std_error
1,3,512.4620238581996,26.190203889335084
