r,n,mean_error,std_error
1,206,315.01857565648646,18.61315751717466
