r,n,mean_error,std_error
1,338,290.86234433466205,14.959952060541335
