r,n,mean_error,std_error
1,54,350.59379992663173,18.59436291986802
