r,n,mean_error,std_error
1,132,328.16761682538686,18.64398102526239
