r,n,mean_error,std_error
1,31,437.8561868084698,24.232706524837344
