r,n,mean_error,std_error
1,334,290.11841152361524,14.862010927829303
