r,n,mean_error,std_error
1,96,297.4123564832782,14.544481096601448
