r,n,mean_error,std_error
1,114,288.54684070432006,15.596528465732462
