r,n,mean_error,std_error
1,47,328.64008173136097,17.757782985774643
