r,n,mean_error,std_error
1,207,289.2085090717615,14.815603878860173
