r,n,mean_error,std_error
1,165,337.83036888157585,20.617197422710362
