r,n,mean_error,std_error
1,140,304.33968595158984,14.617525974007533
