r,n,mean_error,std_error
1,204,320.49592159214154,18.25860509201428
