r,n,mean_error,std_error
1,25,425.06210916020956,21.10456044402135
