r,n,mean_error,std_error
1,41,342.1000836886805,21.838536918088916
