r,n,mean_error,std_error
1,48,385.6059773081503,22.567207545943525
