r,n,mean_error,std_error
1,180,306.5745557853993,14.967192235139077
