r,n,mean_error,std_error
1,183,292.15751937700804,16.03864339221274
