r,n,mean_error,std_error
1,61,363.2275484714175,21.837625045303966
