r,n,mean_error,std_error
1,362,287.26465341451717,14.912400494015284
