r,n,mean_error,std_error
1,112,311.9173137535235,18.30856841605368
