r,n,mean_error,std_error
1,159,347.32217784986847,18.726469647492255
