r,n,mean_error,std_error
1,161,344.5450209714226,19.041812021720187
