r,n,mean_error,std_error
1,218,322.4736641195934,18.4880411849171
