r,n,mean_error,std_error
1,60,342.5043765121529,18.412480417973946
