r,n,mean_error,std_error
1,46,311.5867508105425,16.685949240299077
