r,n,mean_error,std_error
1,56,373.28235842896936,20.44621601577377
