r,n,mean_error,std_error
1,135,339.70146601257943,18.478248849283638
