r,n,mean_error,std_error
1,233,282.36091309377514,14.468004909342907
