r,n,mean_error,std_error
1,7,612.8613775059356,28.20776971149365
