r,n,mean_error,std_error
1,64,332.2062571882063,18.06894189221488
