r,n,mean_error,std_error
1,33,439.7328243496946,23.23624777054698
