r,n,mean_error,std_error
1,35,417.0646802573696,27.71215875640314
