r,n,mean_error,std_error
1,237,321.5378262706301,14.983216139467974
