r,n,mean_error,std_error
1,177,343.92475670605086,17.425917650875142
