r,n,mean_error,std_error
1,30,529.1100701401684,15.226310706271033
