r,n,mean_error,std_error
1,104,371.9118436923087,17.16076292666091
