r,n,mean_error,std_error
1,170,329.8147182096045,19.44816935043241
