r,n,mean_error,std_error
1,92,334.6710719926107,21.15928153902836
