r,n,mean_error,std_error
1,137,338.3055051049568,16.5389740764148
