r,n,mean_error,std_error
1,101,303.0853005472147,17.01825659607564
