r,n,mean_error,std_error
1,207,320.7133723037351,19.142174671534377
