r,n,mean_error,std_error
1,125,302.0381471152847,17.12709749905649
