r,n,mean_error,std_error
1,36,395.5325664464756,17.926302915466763
