r,n,mean_error,std_error
1,193,344.5899830008962,20.12834688071754
