r,n,mean_error,std_error
1,100,325.72176469945686,17.490796730107398
