r,n,mean_error,std_error
1,383,289.95756722545235,14.869783814743728
