r,n,mean_error,std_error
1,191,285.2720331639806,14.324207790015357
