r,n,mean_error,std_error
1,118,339.16243509894053,19.809250304901024
