r,n,mean_error,std_error
1,395,285.2671507012045,14.820822793381165
