r,n,mean_error,std_error
1,184,326.5130678608426,18.72631038515069
