r,n,mean_error,std_error
1,93,300.89615135271623,17.534171992101385
