r,n,mean_error,std_error
1,211,329.727241040993,19.1559753366502
