r,n,mean_error,std_error
1,126,289.53586002997423,15.241917561507243
