r,n,mean_error,std_error
1,17,534.2308578433235,24.133474546231508
