r,n,mean_error,std_error
1,167,326.9769251447569,18.81386247355528
