r,n,mean_error,std_error
1,125,297.2517298017504,15.398521010210764
