r,n,mean_error,std_error
1,169,297.3705072104678,14.356321289231186
