r,n,mean_error,std_error
1,222,335.93381213825245,18.41176418164029
