r,n,mean_error,std_error
1,201,285.49508189861166,14.8044196681052
