r,n,mean_error,std_error
1,115,320.7417570856894,18.02876852965713
