r,n,mean_error,std_error
1,209,322.7439025432948,19.061199508719344
