r,n,mean_error,std_error
1,138,333.3926092395299,19.631006952217934
