r,n,mean_error,std_error
1,105,344.7329794899196,18.795818342304287
