r,n,mean_error,std_error
1,179,318.48971747475207,17.491434952650373
