r,n,mean_error,std_error
1,5,458.65128403356744,24.977499299304487
