r,n,mean_error,std_error
1,135,299.0495706685275,16.17316334597094
