r,n,mean_error,std_error
1,120,319.7124614575453,17.191370280139903
