r,n,mean_error,std_error
1,141,302.5625019834105,14.578212737970745
