r,n,mean_error,std_error
1,38,340.39724119220347,17.687637926238185
