r,n,mean_error,std_error
1,171,294.12985751149193,14.200540612372187
