r,n,mean_error,std_error
1,116,299.0471827101631,17.49245513038378
