r,n,mean_error,std_error
1,107,310.61354459931675,17.823747998184093
