r,n,mean_error,std_error
1,361,296.5687688803231,14.827436180149816
