r,n,mean_error,std_error
1,360,294.05524680402243,15.007229486076412
