r,n,mean_error,std_error
1,166,301.4061317398039,14.829577108163333
