r,n,mean_error,std_error
1,102,335.81254640798636,17.545088135413543
