r,n,mean_error,std_error
1,52,378.1782917907672,23.35137660874067
