r,n,mean_error,std_error
1,113,350.35591996337956,20.47865377967892
