r,n,mean_error,std_error
1,49,329.914626543642,17.874303652485747
