r,n,mean_error,std_error
1,120,285.4977379371109,15.09955432113106
