r,n,mean_error,std_error
1,100,333.6733016507609,15.943255309070588
