r,n,mean_error,std_error
1,27,376.8623707609466,24.164564433875128
