r,n,mean_error,std_error
1,130,314.32619419498656,17.756676718853814
