r,n,mean_error,std_error
1,176,314.32060165695935,17.30320153291989
