r,n,mean_error,std_error
1,24,354.7653166391649,18.729232484264667
