r,n,mean_error,std_error
1,58,436.8043125921441,26.72290051470501
