r,n,mean_error,std_error
1,220,290.94693532136546,14.905976705906035
