r,n,mean_error,std_error
1,278,293.38441873477376,15.316050327387188
