r,n,mean_error,std_error
1,181,309.7001802047379,15.071126875241315
