r,n,mean_error,std_error
1,106,299.28719905179145,16.508622747830916
