r,n,mean_error,std_error
1,169,310.2889243327854,17.146747228807488
