r,n,mean_error,std_error
1,37,338.54139316895686,18.746765374653314
