r,n,mean_error,std_error
1,15,576.2989491607678,33.77255939900899
