r,n,mean_error,std_error
1,39,440.00269424483344,18.826227850941837
