r,n,mean_error,std_error
1,331,286.57009540191365,14.953399638447605
