r,n,mean_error,std_error
1,304,294.2345112331169,14.671204079287005
