r,n,mean_error,std_error
1,133,328.8775920056348,18.767167114763488
