r,n,mean_error,std_error
1,12,485.2580481222476,31.118070342309565
