r,n,mean_error,std_error
1,206,294.8493338424063,15.436038437853437
