r,n,mean_error,std_error
1,88,329.32988153801494,16.867576254307114
