r,n,mean_error,std_error
1,152,306.88112960490326,17.301433282665112
