r,n,mean_error,std_error
1,66,361.8103601930309,16.103189189644823
