r,n,mean_error,std_error
1,108,327.844658466432,18.768956050196426
