r,n,mean_error,std_error
1,153,324.7440561251108,18.154765065742467
