r,n,mean_error,std_error
1,9,429.8341558313341,26.388838236195618
