r,n,mean_error,std_error
1,75,328.71833399607726,18.452957542878288
