r,n,mean_error,std_error
1,251,287.66565554466854,14.684398202826255
