r,n,mean_error,std_error
1,173,320.23305040581,17.132690730689657
