r,n,mean_error,std_error
1,394,284.6940814480687,14.759201645695214
