r,n,mean_error,std_error
1,110,344.37447848881516,22.593997227033118
