r,n,mean_error,std_error
1,18,477.82897198322246,30.85475077409879
