r,n,mean_error,std_error
1,124,319.7945856805611,17.148215959151273
