r,n,mean_error,std_error
1,99,329.77391659973256,17.133678877669556
