r,n,mean_error,std_error
1,77,327.14121317994454,18.030401422579903
