r,n,mean_error,std_error
1,59,399.1639049408581,23.895929065400747
