r,n,mean_error,std_error
1,134,338.4606515692206,20.046320979420067
