r,n,mean_error,std_error
1,190,317.718045931413,17.700571819925994
