r,n,mean_error,std_error
1,81,301.12870371828177,15.262158918798344
