r,n,mean_error,std_error
1,161,287.6467075449339,15.125495756645655
