r,n,mean_error,std_error
1,142,329.8445216537253,19.28663021601865
