r,n,mean_error,std_error
1,181,307.00330164127985,17.36505614334242
