r,n,mean_error,std_error
1,359,293.6894961166505,14.735761522389224
