r,n,mean_error,std_error
1,192,332.51271404960556,17.805110298626733
