r,n,mean_error,std_error
1,29,439.3224415030363,20.919549761562383
