r,n,mean_error,std_error
1,117,329.079533039409,18.40806084494671
