r,n,mean_error,std_error
1,164,300.6660269874862,16.545199344465722
