r,n,mean_error,std_error
1,285,294.1614194225326,14.69929825941546
