r,n,mean_error,std_error
1,136,350.1840677902415,19.776791449998758
