r,n,mean_error,std_error
1,54,334.0806372007122,15.736085495403367
