r,n,mean_error,std_error
1,10,730.7066412245077,24.22873935070036
