r,n,mean_error,std_error
1,187,312.8353862476067,16.184574030501352
