r,n,mean_error,std_error
1,213,291.95570798024073,15.649925639908933
