r,n,mean_error,std_error
1,149,333.54806760074206,19.577793696116558
