r,n,mean_error,std_error
1,315,289.5128333928282,15.37255023198932
