r,n,mean_error,std_error
1,214,317.2922900531439,16.890050929595013
