r,n,mean_error,std_error
1,146,298.5811004311464,16.264739963096453
