r,n,mean_error,std_error
1,96,366.1378712667497,20.91861810477075
