r,n,mean_error,std_error
1,363,284.2404208788015,14.845445819533742
