r,n,mean_error,std_error
1,111,314.70107619872016,17.19998218105061
