r,n,mean_error,std_error
1,185,294.00422592096317,14.748517687187602
