r,n,mean_error,std_error
1,156,326.48348940052614,18.85306382206431
