r,n,mean_error,std_error
1,221,325.7922935884563,19.37746758310723
