r,n,mean_error,std_error
1,186,308.6761963707316,17.169571088072306
