r,n,mean_error,std_error
1,103,323.85039674219774,16.712258496572716
