r,n,mean_error,std_error
1,51,336.7293021946936,18.58007236589209
