r,n,mean_error,std_error
1,294,293.0343497811115,14.994465257447947
