r,n,mean_error,std_error
1,276,289.2198415341039,15.027208410888468
