r,n,mean_error,std_error
1,21,327.30280006699735,20.138990806387042
