r,n,mean_error,std_error
1,139,320.88741051608207,17.18642361603533
