r,n,mean_error,std_error
1,79,380.76706677071803,20.686364298844747
