r,n,mean_error,std_error
1,70,334.874036101038,18.257826714679727
