r,n,mean_error,std_error
1,151,343.4892418269063,19.057626809507198
