r,n,mean_error,std_error
1,16,375.8466816115501,19.866058296619777
