r,n,mean_error,std_error
1,210,313.574957506274,18.056197907137083
