r,n,mean_error,std_error
1,298,289.6325034645099,14.759698969803493
