r,n,mean_error,std_error
1,168,309.2274398193256,14.505863865014883
