r,n,mean_error,std_error
1,205,295.25170160401444,15.422075558391654
