r,n,mean_error,std_error
1,195,297.4817938331365,15.739823845312438
