r,n,mean_error,std_error
1,189,324.55233107917604,17.607432565589413
