r,n,mean_error,std_error
1,216,315.14410430624923,16.44865113606256
