r,n,mean_error,std_error
1,127,316.5538516194302,17.51334016426193
