r,n,mean_error,std_error
1,97,306.6466817145401,16.01163773576203
