r,n,mean_error,std_error
1,163,314.7450360490033,17.88588799772194
