r,n,mean_error,std_error
1,148,333.35049227615184,18.213115500276466
