r,n,mean_error,std_error
1,91,307.8042065067518,16.370636344738173
