r,n,mean_error,std_error
1,158,311.6356301412919,17.46415595549746
