r,n,mean_error,std_error
1,141,331.8385727909625,19.346296319847777
