r,n,mean_error,std_error
1,216,288.25156261887076,15.218740221971451
