r,n,mean_error,std_error
1,198,300.54239590721556,17.38962462986507
