r,n,mean_error,std_error
1,151,285.3114920340767,14.98670109388031
