r,n,mean_error,std_error
1,41,313.15600106223854,14.785162003166965
