r,n,mean_error,std_error
1,68,332.14632266079684,18.227795123924533
