r,n,mean_error,std_error
1,80,338.0039585170036,17.565871499057327
