r,n,mean_error,std_error
1,129,302.26523643692036,15.035265600598303
