r,n,mean_error,std_error
1,145,328.7242258195123,17.587403111050225
