r,n,mean_error,std_error
1,55,325.0221546831824,17.111246087766066
