r,n,mean_error,std_error
1,150,303.7036851296934,18.50533155605583
