r,n,mean_error,std_error
1,23,349.1668039982274,20.668856274794244
