r,n,mean_error,std_error
1,154,322.84775374316,17.747493202235393
