r,n,mean_error,std_error
1,84,348.27056548493516,23.448093108566145
