r,n,mean_error,std_error
1,126,296.7787088082527,16.713010254112117
