r,n,mean_error,std_error
1,94,361.3271498930866,17.9776144934274
