r,n,mean_error,std_error
1,162,322.3795175731518,16.478023681139817
