r,n,mean_error,std_error
1,40,344.8968725292822,20.38565736544075
