r,n,mean_error,std_error
1,10,371.3562535664389,18.42344688874882
