r,n,mean_error,std_error
1,45,345.68035041108834,20.61340058256407
