r,n,mean_error,std_error
1,380,287.22168078731295,14.887065505219544
