r,n,mean_error,std_error
1,150,304.3345017665572,14.729317448816069
