r,n,mean_error,std_error
1,13,410.6864266490558,18.790464529685504
