r,n,mean_error,std_error
1,208,305.843229695168,17.153373671779207
