r,n,mean_error,std_error
1,253,291.6638455465672,14.91599918606362
