r,n,mean_error,std_error
1,229,294.7250115099616,14.987498499917585
