r,n,mean_error,std_error
1,157,332.8113993505309,18.138566949488247
