r,n,mean_error,std_error
1,109,357.08555488541657,18.089218835465132
