r,n,mean_error,std_error
1,219,308.78852082966637,16.586966803774203
