r,n,mean_error,std_error
1,21,397.8283129236744,18.516465696928975
