r,n,mean_error,std_error
1,301,287.848540459799,14.762387005183356
