r,n,mean_error,std_error
1,336,294.07602763683667,15.060547107150548
