r,n,mean_error,std_error
1,164,331.8309186730098,19.624489798461237
