r,n,mean_error,std_error
1,178,316.82807050724057,17.707383821718622
