r,n,mean_error,std_error
1,106,331.56793252078484,18.281751805532366
