r,n,mean_error,std_error
1,170,293.9337896650045,15.553109583003593
