r,n,mean_error,std_error
1,44,312.4010984012384,17.230844142389138
