r,n,mean_error,std_error
1,281,298.08661868324623,14.51187828928668
