r,n,mean_error,std_error
1,62,346.0778537359932,20.15054138367688
