r,n,mean_error,std_error
1,326,295.13317941226165,14.892238433504456
