r,n,mean_error,std_error
1,78,319.1791664075403,17.37733410721186
