r,n,mean_error,std_error
1,196,319.8453695018722,16.763729997649637
