r,n,mean_error,std_error
1,85,306.34770133548585,16.771918798613946
