r,n,mean_error,std_error
1,87,337.5504804101118,20.285360232590463
