r,n,mean_error,std_error
1,323,292.504268158507,15.243898128135045
