r,n,mean_error,std_error
1,226,305.6849581989165,15.062736807867838
