r,n,mean_error,std_error
1,119,321.55338176090856,18.532876929814503
