r,n,mean_error,std_error
1,149,319.14902780488256,16.949929383459995
