r,n,mean_error,std_error
1,194,313.98643242321623,18.05066058526515
