r,n,mean_error,std_error
1,86,385.9936296280884,17.156967779421144
