r,n,mean_error,std_error
1,188,320.72982651052376,19.0161180492139
