r,n,mean_error,std_error
1,197,311.41187285894523,17.68043485826337
