r,n,mean_error,std_error
1,175,314.6663105615493,17.795048021109693
