r,n,mean_error,std_error
1,65,307.4541270252432,17.911168563615973
