r,n,mean_error,std_error
1,320,284.68175355632707,14.827229186641762
