r,n,mean_error,std_error
1,26,541.1509014641647,27.862017074447785
