r,n,mean_error,std_error
1,212,341.753073652533,20.969675295283515
