r,n,mean_error,std_error
1,174,313.9776086828596,16.662960623515218
