r,n,mean_error,std_error
1,32,312.22109640107357,16.295354583780792
