r,n,mean_error,std_error
1,11,545.4336112211543,35.17941171626078
