r,n,mean_error,std_error
1,95,327.88826710373104,18.181138320343035
