r,n,mean_error,std_error
1,45,417.6987874632348,25.837811776023386
