r,n,mean_error,std_error
1,217,305.83118168528307,17.928321901356725
