r,n,mean_error,std_error
1,185,313.537161350215,17.180317036791237
