r,n,mean_error,std_error
1,14,384.1619367222968,19.110716693487813
