r,n,mean_error,std_error
1,42,330.40995042760875,20.242105609576395
