r,n,mean_error,std_error
1,155,342.50409670296983,18.554527047599
