r,n,mean_error,std_error
1,215,312.64403388867225,16.672865796627498
