r,n,mean_error,std_error
1,73,305.76443318550633,16.794670826489778
