r,n,mean_error,std_error
6,100,323.42216405290543,18.564970362885134
