r,n,mean_error,std_error
9,100,313.659986813825,18.266226644225696
