r,n,mean_error,std_error
5,100,327.1216722309888,17.976472377725127
