r,n,mean_error,std_error
7,100,309.7619040744498,17.036003451580072
