r,n,mean_error,std_error
4,100,319.77132147885845,19.32995938056106
