r,n,mean_error,std_error
2,105,315.3295479582317,19.043423992232135
