r,n,mean_error,std_error
3,105,306.29343619668276,17.022763339056326
