r,n,mean_error,std_error
1,105,321.1083516617677,18.151228342396273
