r,n,mean_error,std_error
7,105,314.93864397535793,17.37207551068317
