r,n,mean_error,std_error
10,10,412.1224723540782,23.565869352091475
