r,n,mean_error,std_error
1,10,429.45294737545703,26.60338779572148
