r,n,mean_error,std_error
4,10,416.2335454784192,20.056827312212363
