r,n,mean_error,std_error
5,10,511.7136972797112,27.701315173123188
