r,n,mean_error,std_error
6,10,404.8982129784588,26.194175677913787
