r,n,mean_error,std_error
7,10,388.331180119819,17.333795061685144
