r,n,mean_error,std_error
8,10,405.5053471959184,22.737424292459142
