r,n,mean_error,std_error
7,110,332.99727525083955,19.864051196945784
