r,n,mean_error,std_error
1,110,314.02628705903624,16.253462460429258
