r,n,mean_error,std_error
4,110,327.7362867498075,19.27837599302174
