r,n,mean_error,std_error
3,110,325.65935544106827,18.623992559158
