r,n,mean_error,std_error
6,115,328.2839913274454,19.615819684665617
