r,n,mean_error,std_error
4,115,313.03539879542075,18.429235530404213
