r,n,mean_error,std_error
3,115,313.3063206424221,16.945549026059748
