r,n,mean_error,std_error
3,120,315.3709637301206,17.954440798772282
