r,n,mean_error,std_error
10,120,307.89260520379116,17.63926934641221
