r,n,mean_error,std_error
8,120,328.22799961861915,19.51115457841995
