r,n,mean_error,std_error
7,120,314.3088862044429,17.643357404081982
