r,n,mean_error,std_error
9,120,306.6932768981988,18.594626362842803
