r,n,mean_error,std_error
4,120,311.8317055461123,17.206424401108467
