r,n,mean_error,std_error
5,125,316.8224197205112,19.09721922935794
