r,n,mean_error,std_error
3,125,315.3113707124843,19.2458964671424
