r,n,mean_error,std_error
7,125,307.9232016657255,18.246462121148006
