r,n,mean_error,std_error
6,125,310.4499879642325,18.288810036003362
