r,n,mean_error,std_error
9,125,326.9939503288631,18.639730792199572
