r,n,mean_error,std_error
4,125,315.9214270051873,18.397460816267685
