r,n,mean_error,std_error
8,125,314.8015437906736,18.341346861236236
