r,n,mean_error,std_error
1,130,318.7142521479862,19.298101659180787
