r,n,mean_error,std_error
9,130,292.7286740270499,15.863213489934548
