r,n,mean_error,std_error
7,130,314.2659720106212,18.48468810244754
