r,n,mean_error,std_error
8,130,317.7831739645366,18.871972330260753
