r,n,mean_error,std_error
6,130,329.1493706812896,18.518548040923665
