r,n,mean_error,std_error
3,130,315.33825926965886,18.304535444244916
