r,n,mean_error,std_error
7,135,316.96895228065836,18.37620485878763
