r,n,mean_error,std_error
6,135,319.36912745782814,18.5139328241091
