r,n,mean_error,std_error
4,135,306.97885761835204,16.624187254961853
