r,n,mean_error,std_error
5,135,314.9765804381154,17.89789931543797
