r,n,mean_error,std_error
2,135,306.3736808953205,17.002956628129226
