r,n,mean_error,std_error
3,135,325.8306893559891,18.828801355410516
