r,n,mean_error,std_error
9,135,315.90209833194115,18.2984125134694
