r,n,mean_error,std_error
10,140,311.2156637930844,18.090221721931215
