r,n,mean_error,std_error
9,140,314.9426132682267,18.113416556948515
