r,n,mean_error,std_error
5,140,318.6611359603066,18.57849861557273
