r,n,mean_error,std_error
4,140,327.9387385597795,18.96681925188641
