r,n,mean_error,std_error
2,140,315.2147985602926,17.66414200256192
