r,n,mean_error,std_error
1,140,300.95230115913915,17.199984624438635
