r,n,mean_error,std_error
4,145,321.8169573846276,18.31143998545142
