r,n,mean_error,std_error
6,145,316.0873651124805,18.885621068086373
