r,n,mean_error,std_error
8,145,314.37081994776133,18.358715337621785
