r,n,mean_error,std_error
1,145,311.4727055630321,18.028871193103353
