r,n,mean_error,std_error
4,150,320.6470597808614,18.232765775172453
