r,n,mean_error,std_error
9,150,308.6221473123376,17.358157523794798
