r,n,mean_error,std_error
1,150,304.61755546013296,17.931027938932576
