r,n,mean_error,std_error
3,150,315.1096394906951,18.050015217941716
