r,n,mean_error,std_error
3,155,312.02377851177715,17.885086556753805
