r,n,mean_error,std_error
2,155,315.30489695966986,18.336344975452747
