r,n,mean_error,std_error
7,155,323.61759421687833,18.35774615828335
