r,n,mean_error,std_error
1,155,312.5811752900093,18.179263549810216
