r,n,mean_error,std_error
8,155,315.24126369588043,18.817746802835387
