r,n,mean_error,std_error
10,155,302.2029628816823,18.62106110878047
