r,n,mean_error,std_error
10,15,394.6071400831126,21.60591394375323
