r,n,mean_error,std_error
2,15,323.428870396242,15.622124649938876
