r,n,mean_error,std_error
3,15,437.0216063941019,29.191762463600337
