r,n,mean_error,std_error
5,15,483.6466883407447,26.49255678233141
