r,n,mean_error,std_error
7,15,371.85859617147275,19.520719407294145
