r,n,mean_error,std_error
9,160,316.263467007241,18.353943760850658
