r,n,mean_error,std_error
1,160,310.1452606983288,18.72292495468231
