r,n,mean_error,std_error
2,160,317.5388773170908,18.817228472030145
