r,n,mean_error,std_error
4,160,301.3842900187278,17.9955932206033
