r,n,mean_error,std_error
7,160,302.160820947653,17.178368528051767
