r,n,mean_error,std_error
10,160,313.0302169246204,17.636373498887924
