r,n,mean_error,std_error
3,160,310.979458841924,16.831951041529802
