r,n,mean_error,std_error
3,165,313.09754409360136,18.988689241585806
