r,n,mean_error,std_error
9,165,321.51549032336766,18.9089783037351
