r,n,mean_error,std_error
2,165,313.5304634375048,18.10173542572269
