r,n,mean_error,std_error
5,165,304.7101764673187,17.939873611295063
