r,n,mean_error,std_error
10,165,318.77494109288705,18.572291133325812
