r,n,mean_error,std_error
2,170,321.6799410758287,18.957240196400495
