r,n,mean_error,std_error
7,170,314.73133112930725,17.944273737612853
