r,n,mean_error,std_error
1,170,315.887964242586,18.249051209104252
