r,n,mean_error,std_error
6,170,314.4655162960298,18.246436703999294
