r,n,mean_error,std_error
5,170,301.4110798981787,17.058830476364918
