r,n,mean_error,std_error
9,170,322.6432959116301,19.046495018339428
