r,n,mean_error,std_error
1,175,308.06889669943416,18.12474627098763
