r,n,mean_error,std_error
6,175,315.1395346571322,18.174552678212407
