r,n,mean_error,std_error
8,175,314.0632189531552,17.858158909861196
