r,n,mean_error,std_error
5,180,306.4434963171587,18.028574294007633
