r,n,mean_error,std_error
3,180,312.91910213957937,18.28854614874822
