r,n,mean_error,std_error
4,180,316.98466243412236,18.555612944399915
