r,n,mean_error,std_error
1,20,464.1378125598261,24.845663485961115
