r,n,mean_error,std_error
3,20,359.97119882974704,18.937071402649995
