r,n,mean_error,std_error
5,20,343.73773010737256,16.174445000329495
