r,n,mean_error,std_error
9,20,416.639523981052,25.968945699523317
