r,n,mean_error,std_error
1,25,340.4221926275661,17.866356071108246
