r,n,mean_error,std_error
2,25,334.0073688608417,20.035899847711544
