r,n,mean_error,std_error
3,25,359.47196286439316,19.685357122825778
