r,n,mean_error,std_error
4,25,385.2293970872269,25.454832264223917
