r,n,mean_error,std_error
6,25,388.6005604988199,23.63615285768841
