r,n,mean_error,std_error
8,25,345.33836198751646,18.28697807482638
