r,n,mean_error,std_error
9,25,342.61135977054806,20.589709522374527
