r,n,mean_error,std_error
10,30,364.87176432249566,21.798183581952483
