r,n,mean_error,std_error
2,30,365.7175419124767,20.883460174499902
