r,n,mean_error,std_error
5,30,355.90846055043096,18.110511580532037
