r,n,mean_error,std_error
7,30,316.98376766582936,18.275993319150036
