r,n,mean_error,std_error
8,30,365.77908594299146,17.106373350360908
