r,n,mean_error,std_error
9,30,334.36443311347557,18.057369461691877
