r,n,mean_error,std_error
10,35,345.6800938271967,17.77602223219535
