r,n,mean_error,std_error
2,35,335.97972692990055,18.744084398527686
