r,n,mean_error,std_error
3,35,356.79685147640566,16.48178521772945
