r,n,mean_error,std_error
6,35,352.2286673717554,17.901257387225208
