r,n,mean_error,std_error
8,35,328.0163725182469,19.31705956591505
