r,n,mean_error,std_error
9,35,335.16871436005005,18.97236218036159
