r,n,mean_error,std_error
1,40,343.26667254843426,19.8780936854717
