r,n,mean_error,std_error
3,40,349.5857829167665,19.792327796753835
