r,n,mean_error,std_error
5,40,348.89197976448276,20.569270886754147
