r,n,mean_error,std_error
7,40,365.53355547247253,19.748152375496428
