r,n,mean_error,std_error
8,40,331.3710274681276,20.309065199585646
