r,n,mean_error,std_error
9,40,309.4829592723902,15.86089937655507
