r,n,mean_error,std_error
1,45,343.26441627404415,20.915747894349675
