r,n,mean_error,std_error
10,45,334.87508530344127,18.142695044560867
