r,n,mean_error,std_error
2,45,337.46968264006756,20.194385398518147
