r,n,mean_error,std_error
3,45,336.69422786344,20.830613308357165
