r,n,mean_error,std_error
4,45,365.68274750292267,24.777810590209935
