r,n,mean_error,std_error
5,45,337.4554803026895,19.865448551055803
