r,n,mean_error,std_error
6,45,339.96485672171707,20.584751429835112
