r,n,mean_error,std_error
9,45,351.7458101637913,19.26074842768201
