r,n,mean_error,std_error
1,50,344.095121450464,19.901973002930408
