r,n,mean_error,std_error
10,50,345.4522903101976,18.698559020874765
