r,n,mean_error,std_error
2,50,353.2511881956141,20.690280103731524
