r,n,mean_error,std_error
3,50,366.52736424174833,21.24564859722541
