r,n,mean_error,std_error
4,50,343.6195166029611,18.33100639540472
