r,n,mean_error,std_error
5,50,359.3175172975896,20.61174853170728
