r,n,mean_error,std_error
6,50,332.1793309386809,18.183985299420698
