r,n,mean_error,std_error
7,50,341.23706158604506,19.97083053424078
