r,n,mean_error,std_error
8,50,327.53438274359263,19.530423039744687
