r,n,mean_error,std_error
9,50,346.47504529362726,19.719264683137425
