r,n,mean_error,std_error
1,55,326.4245079898928,17.463076710361438
