r,n,mean_error,std_error
10,55,346.10791652774594,20.604231978295775
