r,n,mean_error,std_error
8,55,365.4030706027345,20.425979978588543
