r,n,mean_error,std_error
9,55,364.3219963625522,19.829528481513517
