r,n,mean_error,std_error
1,5,689.899728613666,49.51212554261313
