r,n,mean_error,std_error
3,5,459.15402259530987,22.10127133665734
