r,n,mean_error,std_error
7,5,384.38791070154133,18.88337639882039
