r,n,mean_error,std_error
9,5,405.5204040046956,24.693039037421475
