r,n,mean_error,std_error
1,60,316.7018443612458,17.8194490426761
