r,n,mean_error,std_error
4,60,340.4901684175966,21.887513737700516
