r,n,mean_error,std_error
5,60,319.63257782766306,17.536284558372245
