r,n,mean_error,std_error
7,60,308.29466830697413,15.899820895045044
