r,n,mean_error,std_error
8,60,338.3610943322092,19.49223447849571
