r,n,mean_error,std_error
10,65,332.7412303815927,19.23078633998095
