r,n,mean_error,std_error
1,65,347.4197595136282,20.47184996124799
