r,n,mean_error,std_error
2,65,320.58238444904634,18.971670771934225
