r,n,mean_error,std_error
3,65,335.96995629935014,19.56045168873679
