r,n,mean_error,std_error
4,65,307.1275554830778,17.022524643259576
