r,n,mean_error,std_error
6,65,369.54586850619967,24.7905817737421
