r,n,mean_error,std_error
9,65,358.0222111105261,19.515160310510606
