r,n,mean_error,std_error
1,70,350.2748454294376,22.814120057782468
