r,n,mean_error,std_error
4,70,332.09616698560643,18.647518801927507
