r,n,mean_error,std_error
5,70,323.4423134229339,18.989534830367152
