r,n,mean_error,std_error
6,70,353.7119626626858,20.772022958781818
