r,n,mean_error,std_error
9,70,320.5668131529835,18.152527127935628
