r,n,mean_error,std_error
10,75,344.3006403900153,20.3031404759828
