r,n,mean_error,std_error
1,75,311.191613884304,18.622362415369636
