r,n,mean_error,std_error
3,75,341.40461708885437,20.581470515890736
