r,n,mean_error,std_error
5,75,382.70083807288336,22.891713216772565
