r,n,mean_error,std_error
7,75,323.3712571353951,18.04001557294918
