r,n,mean_error,std_error
9,75,310.4199851279607,18.339586186497723
