r,n,mean_error,std_error
1,80,332.8202679372767,20.463120467835086
