r,n,mean_error,std_error
2,80,315.8442587057175,17.828744331336047
