r,n,mean_error,std_error
4,80,326.83466117290624,20.03080736488927
