r,n,mean_error,std_error
5,80,344.0457160386904,20.742139191088995
