r,n,mean_error,std_error
7,80,342.2261555646201,20.24194066527204
