r,n,mean_error,std_error
9,80,299.1336406641987,16.676825397933843
