r,n,mean_error,std_error
10,85,320.55080193340416,19.206775176578034
