r,n,mean_error,std_error
5,85,333.60889378427856,19.330027485101457
