r,n,mean_error,std_error
9,85,321.38645543997336,16.321545676269785
