r,n,mean_error,std_error
4,90,326.47017590245906,16.06746520411892
