r,n,mean_error,std_error
7,90,346.7739568234579,20.862607729772776
