r,n,mean_error,std_error
9,90,312.3336562571416,18.751271883421104
