r,n,mean_error,std_error
10,95,314.2793696151826,18.06736038100528
