r,n,mean_error,std_error
1,95,313.6595493511866,17.923406480113798
