r,n,mean_error,std_error
2,95,324.3134802725683,20.44221220563934
