r,n,mean_error,std_error
4,95,331.5098851291891,18.702554546227624
