r,n,mean_error,std_error
5,95,320.33807154512095,17.227971900099615
