r,n,mean_error,std_error
6,95,300.1673956964978,17.06981448832547
