r,n,mean_error,std_error
8,95,313.9996162869434,18.413013881159813
