r,n,mean_error,std_error
10,100,350.16571792461286,22.20374974325114
