r,n,mean_error,std_error
1,100,320.9379020326224,19.215851361480706
