r,n,mean_error,std_error
2,100,345.21321058200203,20.678181474869525
