r,n,mean_error,std_error
3,100,308.8974261016996,17.77109516880731
