r,n,mean_error,std_error
8,100,323.8838721603304,19.200105496302836
