r,n,mean_error,std_error
8,105,304.20866910799907,17.25921178589741
