r,n,mean_error,std_error
10,105,349.48523994412744,20.39850834821792
