r,n,mean_error,std_error
5,105,318.6099439689031,18.6989495113387
