r,n,mean_error,std_error
4,105,328.3947904636689,19.968863336492166
