r,n,mean_error,std_error
9,105,325.5487624587906,16.76588093170358
