r,n,mean_error,std_error
6,105,312.42112171100985,18.22919672923253
