r,n,mean_error,std_error
2,10,334.4738234445356,17.796551816748913
