r,n,mean_error,std_error
3,10,549.7544282493344,34.514518161747475
