r,n,mean_error,std_error
9,10,399.52832384647115,24.923338105312066
