r,n,mean_error,std_error
6,110,314.70580841061417,18.83695983892992
