r,n,mean_error,std_error
9,110,331.7238446868107,21.11731895450201
