r,n,mean_error,std_error
2,110,315.2529300756776,18.832329623385686
