r,n,mean_error,std_error
8,110,312.7339158512228,18.273501021618323
