r,n,mean_error,std_error
5,110,309.594777473997,17.917580218509162
