r,n,mean_error,std_error
10,110,306.86284933238153,17.178822249395058
