r,n,mean_error,std_error
1,115,319.2715101028745,17.889852426401646
