r,n,mean_error,std_error
8,115,333.0524603743081,20.188805160912445
