r,n,mean_error,std_error
10,115,307.9507501411195,17.447307590362666
