r,n,mean_error,std_error
2,115,305.8966359091416,17.160146840053027
