r,n,mean_error,std_error
7,115,319.32145655770637,18.674392457204252
