r,n,mean_error,std_error
5,115,311.8349650835737,17.497677868025733
