r,n,mean_error,std_error
9,115,325.10248447028647,19.90250683675184
