r,n,mean_error,std_error
1,120,313.0246292992098,17.882517234999987
