r,n,mean_error,std_error
6,120,324.4488461590482,18.571020214719216
