r,n,mean_error,std_error
2,120,305.21787170645644,17.493737131327826
