r,n,mean_error,std_error
5,120,332.72474917775656,18.159035910071793
