r,n,mean_error,std_error
10,125,309.50446893173574,17.12333874382753
