r,n,mean_error,std_error
1,125,308.86922837477454,16.812252757265348
