r,n,mean_error,std_error
2,125,318.6221865651252,18.090708605625423
