r,n,mean_error,std_error
10,130,319.1759082045757,18.61085894728704
