r,n,mean_error,std_error
2,130,316.48025566546625,18.9222593756247
