r,n,mean_error,std_error
4,130,311.5487154251668,16.423886936884553
