r,n,mean_error,std_error
5,130,322.09206736556825,18.756156202189302
