r,n,mean_error,std_error
8,135,308.16934756192717,18.42215684850029
