r,n,mean_error,std_error
10,135,309.1146662234926,18.62767002694399
