r,n,mean_error,std_error
1,135,310.9439965566559,17.941312833085412
