r,n,mean_error,std_error
6,140,320.3105324929596,19.19730485263211
