r,n,mean_error,std_error
8,140,315.98308698351553,17.458049544314797
