r,n,mean_error,std_error
7,140,306.3384138535314,16.565647925827495
