r,n,mean_error,std_error
3,140,315.60006683653705,18.49445467631111
