r,n,mean_error,std_error
7,145,311.3413051917732,16.824541757020086
