r,n,mean_error,std_error
3,145,314.00914444208973,18.658205106261303
