r,n,mean_error,std_error
10,145,325.90587111459325,18.508140949218323
