r,n,mean_error,std_error
5,145,314.2262391195222,19.393488118512998
