r,n,mean_error,std_error
9,145,314.51457470079805,18.22008659947436
