r,n,mean_error,std_error
2,145,331.1596097862064,19.511938225049423
