r,n,mean_error,std_error
7,150,323.11114833516166,19.156176778445037
