r,n,mean_error,std_error
8,150,313.5079100441893,19.101091630067724
