r,n,mean_error,std_error
2,150,313.1518718876269,17.917684800412616
