r,n,mean_error,std_error
5,150,312.7887445041125,18.584087390179995
