r,n,mean_error,std_error
6,150,319.6284355076011,19.317721131228
