r,n,mean_error,std_error
10,150,312.5818120139509,18.185434616421844
