r,n,mean_error,std_error
9,155,319.0532175857938,19.420556890698986
