r,n,mean_error,std_error
4,155,309.7500682211812,17.965697820082976
