r,n,mean_error,std_error
6,155,315.5727206395473,18.81346814601904
