r,n,mean_error,std_error
5,155,316.58754902324523,19.295964225737915
