r,n,mean_error,std_error
1,15,428.02970796363223,25.24787574300868
