r,n,mean_error,std_error
4,15,447.9911546086125,25.527994729319346
