r,n,mean_error,std_error
6,15,361.64064985949534,24.05795220796655
