r,n,mean_error,std_error
8,15,392.35425652553516,17.76159089971456
