r,n,mean_error,std_error
9,15,432.30660787266225,16.608933109160365
