r,n,mean_error,std_error
6,160,306.2568782282293,18.11159232858322
