r,n,mean_error,std_error
5,160,315.9818451606202,17.731448374628183
