r,n,mean_error,std_error
8,160,314.26677126124474,18.86589203477866
