r,n,mean_error,std_error
1,165,304.2697505343414,16.93679220014496
