r,n,mean_error,std_error
8,165,308.3184913731832,17.797330053661835
