r,n,mean_error,std_error
4,165,310.1129566929409,17.388277792134907
