r,n,mean_error,std_error
6,165,315.4117734267693,18.795068815107115
