r,n,mean_error,std_error
7,165,316.90604345958565,18.99609795353298
