r,n,mean_error,std_error
8,170,311.11709187141275,18.21353106743873
