r,n,mean_error,std_error
3,170,314.14017672490127,18.293276275554078
