r,n,mean_error,std_error
4,170,310.73670834266983,18.384291504394255
