r,n,mean_error,std_error
10,170,309.28347656375337,18.434885074435755
