r,n,mean_error,std_error
5,175,310.4091595935917,17.931657395759224
