r,n,mean_error,std_error
2,175,308.8272797163708,17.905091634482513
