r,n,mean_error,std_error
10,175,308.86230469201695,17.641782381764976
