r,n,mean_error,std_error
7,175,313.9611889703156,18.707572050934825
