r,n,mean_error,std_error
3,175,313.20312757239304,18.198217955113538
