r,n,mean_error,std_error
4,175,316.5524678486136,18.556595474406713
