r,n,mean_error,std_error
9,175,314.8030169804346,17.212568539720156
