r,n,mean_error,std_error
2,180,310.7233224823992,17.59212754299625
