r,n,mean_error,std_error
7,180,313.0760947196064,18.58207086260618
