r,n,mean_error,std_error
6,180,313.5884492067511,18.41151317672179
