r,n,mean_error,std_error
10,180,320.70741343942944,18.072783534017276
