r,n,mean_error,std_error
9,180,313.47524830219777,17.873263797210562
