r,n,mean_error,std_error
8,180,314.1365577332069,17.879541371731438
