r,n,mean_error,std_error
1,180,313.5128878163696,18.244907635292144
