r,n,mean_error,std_error
4,185,311.02808753755744,17.113923267581676
