r,n,mean_error,std_error
10,20,365.73931723369583,21.945532774183004
