r,n,mean_error,std_error
2,20,360.01599901752667,21.59320298880319
