r,n,mean_error,std_error
4,20,326.6678405166927,18.795446732364326
