r,n,mean_error,std_error
6,20,355.0129115311343,19.48939102182337
