r,n,mean_error,std_error
7,20,371.63453053787094,18.61437808575689
