r,n,mean_error,std_error
8,20,358.7674118555869,22.551567332721504
