r,n,mean_error,std_error
10,25,357.6859743439307,20.053902780625577
