r,n,mean_error,std_error
5,25,355.80342640720204,17.67328959441074
