r,n,mean_error,std_error
7,25,324.9100996919156,16.576339578691396
