r,n,mean_error,std_error
1,30,343.47824570278857,19.147437026359263
