r,n,mean_error,std_error
3,30,380.8643740877484,21.507807379559996
