r,n,mean_error,std_error
4,30,362.7137104175769,20.9007222088018
