r,n,mean_error,std_error
6,30,324.2996830867885,16.667155662691744
