r,n,mean_error,std_error
1,35,360.1127622726742,21.325894289060376
