r,n,mean_error,std_error
4,35,360.5159102578649,18.753746505742267
