r,n,mean_error,std_error
5,35,341.1185149544074,18.655169259005458
