r,n,mean_error,std_error
7,35,420.49394221549136,21.54051279702317
