r,n,mean_error,std_error
10,40,339.5984819158643,20.15079876168991
