r,n,mean_error,std_error
2,40,334.0534294977717,17.518525703673955
