r,n,mean_error,std_error
4,40,367.88569398081626,21.77195355212378
