r,n,mean_error,std_error
6,40,344.66582910021015,19.894757926339416
