r,n,mean_error,std_error
7,45,310.25073977089903,17.83303256054618
