r,n,mean_error,std_error
8,45,350.4723908637756,20.561493875118675
