r,n,mean_error,std_error
2,55,347.37527860530474,19.73909303847906
