r,n,mean_error,std_error
3,55,317.2693536870964,17.599422006637067
