r,n,mean_error,std_error
4,55,331.9086391776819,18.851330999045505
