r,n,mean_error,std_error
5,55,342.3168032691646,20.94090530852722
