r,n,mean_error,std_error
6,55,330.11345228936773,18.32376451007633
