r,n,mean_error,std_error
7,55,305.32675289404807,16.993907545489673
