r,n,mean_error,std_error
10,5,449.0123048281206,25.03765284291743
