r,n,mean_error,std_error
2,5,363.4255695678268,18.24736807204288
