r,n,mean_error,std_error
4,5,589.6034381520653,35.393803901928884
