r,n,mean_error,std_error
5,5,435.75602430283783,23.926120738913525
