r,n,mean_error,std_error
6,5,488.35742017309695,22.101448677811955
