r,n,mean_error,std_error
8,5,392.6693174128619,22.325516848000586
