r,n,mean_error,std_error
10,60,319.51530334214766,17.657960757890905
