r,n,mean_error,std_error
2,60,343.76315173844074,21.006210436379856
