r,n,mean_error,std_error
3,60,310.3315610752399,17.353105698987623
