r,n,mean_error,std_error
6,60,330.4920249596172,20.45127790276559
