r,n,mean_error,std_error
9,60,340.2879292442863,21.989562200932813
