r,n,mean_error,std_error
5,65,295.40673147589473,15.450392633076095
