r,n,mean_error,std_error
7,65,332.04356503368405,18.96016015347609
