r,n,mean_error,std_error
8,65,318.2393750883936,18.742530874634916
