r,n,mean_error,std_error
10,70,339.7673335568156,19.504585697085325
