r,n,mean_error,std_error
2,70,332.00894887428285,20.000646390224148
