r,n,mean_error,std_error
3,70,327.2151769897269,17.837107416575478
