r,n,mean_error,std_error
7,70,313.21590747503666,16.35886702019225
