r,n,mean_error,std_error
8,70,342.60730651993185,19.025842952276687
