r,n,mean_error,std_error
2,75,314.07787189425187,17.86117925815199
