r,n,mean_error,std_error
4,75,348.672160530413,22.451008645926017
