r,n,mean_error,std_error
6,75,325.52367020299766,17.16283628579277
