r,n,mean_error,std_error
8,75,335.7755934596586,20.33997863929375
