r,n,mean_error,std_error
10,80,327.0331285357531,20.464177398193865
