r,n,mean_error,std_error
3,80,338.74362202375556,20.53018485438074
