r,n,mean_error,std_error
6,80,330.3845360113858,20.322989583561526
