r,n,mean_error,std_error
8,80,338.286609286181,20.51137551490938
