r,n,mean_error,std_error
1,85,328.8383380949867,18.177257661549795
