r,n,mean_error,std_error
2,85,305.4306792744909,17.33009692555173
