r,n,mean_error,std_error
3,85,310.873632952276,18.296094015398275
