r,n,mean_error,std_error
4,85,316.43287340143837,15.382457614275337
