r,n,mean_error,std_error
6,85,316.51596336049374,19.452383553210797
