r,n,mean_error,std_error
7,85,328.04030880418344,17.930990005359487
