r,n,mean_error,std_error
8,85,313.58244455933743,18.547569703646875
