r,n,mean_error,std_error
10,90,315.5086323548458,18.586462595146198
