r,n,mean_error,std_error
1,90,337.35847731177836,20.68944630536911
