r,n,mean_error,std_error
2,90,330.99293568723135,18.424973880308908
