r,n,mean_error,std_error
3,90,343.6834012682997,20.539056193649472
