r,n,mean_error,std_error
5,90,314.97389622775376,17.751403416353135
