r,n,mean_error,std_error
6,90,324.5561123766835,18.53300684178882
