r,n,mean_error,std_error
8,90,316.53131763155,17.681574166507282
