r,n,mean_error,std_error
3,95,317.59709401956064,17.19400868100247
