r,n,mean_error,std_error
7,95,356.12784390095044,22.632455904246672
