r,n,mean_error,std_error
9,95,333.480983289379,21.663044372537737
