r,n,mean_error,std_error
1,1750,287.744149831859,14.738770602391094
