r,n,mean_error,std_error
1,270,324.6369799170082,17.029441578359226
