r,n,mean_error,std_error
1,2440,286.75250509843085,14.883635877332601
