r,n,mean_error,std_error
1,1640,290.096278021781,14.849179580196479
