r,n,mean_error,std_error
1,560,306.29175867795885,14.950139781681823
