r,n,mean_error,std_error
1,2380,285.3447034745648,14.582248833309647
