r,n,mean_error,std_error
1,1920,288.44393580710926,14.892013351327869
