r,n,mean_error,std_error
1,520,304.6383052053097,14.541535055396796
