r,n,mean_error,std_error
1,140,343.8291505211561,17.446506199553568
