r,n,mean_error,std_error
1,790,297.7002505270947,15.197470165555863
