r,n,mean_error,std_error
1,1430,292.5304067861474,14.774390151872263
