r,n,mean_error,std_error
1,1260,290.5830480776733,14.796253908542404
