r,n,mean_error,std_error
1,1610,291.852922854502,14.675396922222154
