r,n,mean_error,std_error
1,2390,285.3900366022459,14.762314883458371
