r,n,mean_error,std_error
1,840,294.6079916542154,14.880565408683086
