r,n,mean_error,std_error
1,1480,289.03311795580134,14.734996982170292
