r,n,mean_error,std_error
1,100,367.47747389127875,14.637843744079554
