r,n,mean_error,std_error
1,2060,286.6527624298616,14.86289567132308
