r,n,mean_error,std_error
1,1010,294.0817938335184,14.929055440121209
