r,n,mean_error,std_error
1,2190,286.5805143026511,14.87380867104205
