r,n,mean_error,std_error
1,1630,292.5076281136385,14.676626567517598
