r,n,mean_error,std_error
1,1590,291.1171313616943,14.760615812362161
