r,n,mean_error,std_error
1,110,349.66588509042003,15.11258880436723
