r,n,mean_error,std_error
1,1790,287.3165908832098,14.918027719535338
