r,n,mean_error,std_error
1,2110,287.06603355018257,14.942307152433997
