r,n,mean_error,std_error
1,1880,288.51141468631016,14.912463781618897
