r,n,mean_error,std_error
1,970,293.8035111009072,14.885464922398535
