r,n,mean_error,std_error
1,30,355.4310449056567,16.57066877788675
