r,n,mean_error,std_error
1,1150,296.8467716285907,14.842919627994922
