r,n,mean_error,std_error
1,590,304.0247023375695,15.00531141692705
