r,n,mean_error,std_error
1,50,376.0518047522023,17.227479358216417
