r,n,mean_error,std_error
1,2310,286.15411279827714,14.741094553583446
