r,n,mean_error,std_error
1,1850,342.3361972022177,15.056459544323948
