r,n,mean_error,std_error
1,310,427.86937540605373,13.956895998646024
