r,n,mean_error,std_error
1,300,351.7644195829535,15.335754844818773
