r,n,mean_error,std_error
1,370,338.01092444605666,14.188648664248465
