r,n,mean_error,std_error
1,2000,286.9308586417698,15.119758018318183
