r,n,mean_error,std_error
1,920,291.53115096586174,14.98651508574229
