r,n,mean_error,std_error
1,1460,291.5928639507783,14.646265839025851
