r,n,mean_error,std_error
1,2090,285.415584989851,14.975559341227324
