r,n,mean_error,std_error
1,80,466.51740770075577,14.683857302543132
