r,n,mean_error,std_error
1,130,367.6138416412377,15.651740614816335
