r,n,mean_error,std_error
1,810,297.64112461244923,15.047917405850436
