r,n,mean_error,std_error
1,1930,285.75090770482996,15.08042570247237
