r,n,mean_error,std_error
1,150,345.2881920858787,15.209738557610327
