r,n,mean_error,std_error
1,2370,286.0641576764254,14.773481018539483
