r,n,mean_error,std_error
1,340,370.4089388192548,14.642203969279112
