r,n,mean_error,std_error
1,290,352.2770819567549,16.09857015505261
