r,n,mean_error,std_error
1,690,300.07194087237656,15.087641347813475
