r,n,mean_error,std_error
1,980,292.1187147163001,14.677806064030825
