r,n,mean_error,std_error
1,740,298.20459756451555,15.154676880344228
