r,n,mean_error,std_error
1,1240,295.51461378331845,15.210021300255574
