r,n,mean_error,std_error
1,1670,289.6954709564892,15.050181010791015
