r,n,mean_error,std_error
1,2220,284.94383569039894,14.796613784329933
