r,n,mean_error,std_error
1,1420,293.21228955783613,14.949505826280998
