r,n,mean_error,std_error
1,610,302.41349582021184,14.882084529001862
