r,n,mean_error,std_error
1,580,305.7713465082317,15.039725609364654
