r,n,mean_error,std_error
1,1580,290.7634802570819,14.716421355975376
