r,n,mean_error,std_error
1,620,301.6198406805847,15.151551658151105
