r,n,mean_error,std_error
1,1140,293.526801810882,14.914435548386344
