r,n,mean_error,std_error
1,1290,292.4348633947182,15.02187821205064
