r,n,mean_error,std_error
1,910,292.26236419038656,15.039175067140967
