r,n,mean_error,std_error
1,180,329.3303804332692,16.464611652955554
