r,n,mean_error,std_error
1,1740,288.19529465781665,14.791990921266027
