r,n,mean_error,std_error
1,220,329.22521114550517,16.378386481354273
