r,n,mean_error,std_error
1,2360,287.43976353222683,14.84267224159783
