r,n,mean_error,std_error
1,460,322.25210759868776,14.335251839775482
