r,n,mean_error,std_error
1,390,345.8663546859858,13.79003811381066
