r,n,mean_error,std_error
1,2010,284.69180028891964,14.718110967465174
