r,n,mean_error,std_error
1,1410,291.94718128475813,14.877645685308226
