r,n,mean_error,std_error
1,1940,288.58819198370077,14.93383320873603
