r,n,mean_error,std_error
1,1060,295.946583234944,15.038609736276689
