r,n,mean_error,std_error
1,680,306.85925886491333,14.97383580217153
