r,n,mean_error,std_error
1,1660,286.9999322558678,14.572154112394136
