r,n,mean_error,std_error
1,1760,290.44961767991896,14.694110338669217
