r,n,mean_error,std_error
1,820,292.58380051259036,14.997376248358345
