r,n,mean_error,std_error
1,330,318.8031790387606,15.248940856808861
