r,n,mean_error,std_error
1,1510,290.3178077404455,14.740106798827627
