r,n,mean_error,std_error
1,1340,293.0317849425354,15.168956213310977
