r,n,mean_error,std_error
1,940,290.1108208259852,14.836029708218144
