r,n,mean_error,std_error
1,1780,285.9457081324399,14.698364781703187
