r,n,mean_error,std_error
1,190,332.1846113786076,15.827372761942597
