r,n,mean_error,std_error
1,630,301.3865454117757,14.98739286049106
