r,n,mean_error,std_error
1,1540,292.3584069643656,14.778357601610766
