r,n,mean_error,std_error
1,1400,290.9981204272247,14.900497217180472
