r,n,mean_error,std_error
1,2290,287.59243327142013,14.86767868427437
