r,n,mean_error,std_error
1,1600,289.8720325214594,14.966129747155906
