r,n,mean_error,std_error
1,2260,284.7860077292734,14.780692530165764
