r,n,mean_error,std_error
1,2150,286.97097074557325,14.969229831471647
