r,n,mean_error,std_error
1,770,296.2963922425752,15.03310632294163
