r,n,mean_error,std_error
1,20,386.19147895907327,17.600663228454973
