r,n,mean_error,std_error
1,2420,286.6022038814557,14.772296293337039
