r,n,mean_error,std_error
1,1310,292.16462376863984,14.805328969303748
