r,n,mean_error,std_error
1,1050,293.7319992439663,14.870100744888797
