r,n,mean_error,std_error
1,1890,286.7410817222971,15.026396373803202
