r,n,mean_error,std_error
1,1190,295.1381797853957,15.154784278010021
