r,n,mean_error,std_error
1,1830,289.9104620387633,15.128747457139507
