r,n,mean_error,std_error
1,1490,291.75923811481846,14.873380422807589
