r,n,mean_error,std_error
1,490,319.7920033486901,14.340609998432193
