r,n,mean_error,std_error
1,1980,286.75887040935044,14.753793767509372
