r,n,mean_error,std_error
1,380,335.50393389193385,13.937024981065212
