r,n,mean_error,std_error
1,70,395.35350341266786,16.886686290841226
