r,n,mean_error,std_error
1,950,292.0058646320906,14.863527638175173
