r,n,mean_error,std_error
1,2070,290.3949892056891,14.934645795193925
