r,n,mean_error,std_error
1,1960,284.7399097340391,14.883034510586029
