r,n,mean_error,std_error
1,210,317.9148452236849,15.812856477876359
