r,n,mean_error,std_error
1,1550,291.1389983919269,14.682233543708707
