r,n,mean_error,std_error
1,1020,297.61257026621587,14.977824829402223
