r,n,mean_error,std_error
1,1120,295.9366749717341,14.795677777482462
