r,n,mean_error,std_error
1,2430,285.2666976061059,14.801475155087255
