r,n,mean_error,std_error
1,1840,342.79464132376694,15.048373418002718
