r,n,mean_error,std_error
1,1770,293.0511945984634,14.91934957616571
