r,n,mean_error,std_error
1,320,365.8304002426645,14.706586904155676
