r,n,mean_error,std_error
1,1810,288.0891319770929,14.907073881447857
