r,n,mean_error,std_error
1,2350,286.89433962826956,14.736611279971726
