r,n,mean_error,std_error
1,2250,285.52976531889584,14.977572910586716
