r,n,mean_error,std_error
1,2040,286.2785672597657,14.81932091194005
