r,n,mean_error,std_error
1,650,298.2745729828591,15.330116357293011
