r,n,mean_error,std_error
1,250,330.6353486891064,17.038604124501905
