r,n,mean_error,std_error
1,960,291.4631636325298,15.03691840860682
