r,n,mean_error,std_error
1,700,296.5742817418354,15.214384687933773
