r,n,mean_error,std_error
1,2030,285.3031200057492,14.906758850663243
