r,n,mean_error,std_error
1,1090,288.2025457759685,14.682052360817357
