r,n,mean_error,std_error
1,120,417.0000038936252,14.352373063968829
