r,n,mean_error,std_error
1,2200,285.81348752083255,14.951468093625381
