r,n,mean_error,std_error
1,1800,288.51323456568804,15.02186445772493
