r,n,mean_error,std_error
1,1170,292.883254914006,15.029820134846172
