r,n,mean_error,std_error
1,850,295.45501330164467,15.201246700463152
