r,n,mean_error,std_error
1,2170,287.6726353173191,14.89228195185354
