r,n,mean_error,std_error
1,1500,291.6853102323472,14.539117871875225
