r,n,mean_error,std_error
1,870,298.3519347157114,15.087698070485414
