r,n,mean_error,std_error
1,760,299.6038206411803,15.350049424303394
