r,n,mean_error,std_error
1,860,296.5963116015846,14.893842084896253
