r,n,mean_error,std_error
1,550,316.9419996358784,15.192357023466977
