r,n,mean_error,std_error
1,1680,288.36125253793995,14.668066973564443
