r,n,mean_error,std_error
1,1350,294.4515785465494,14.832700019255075
