r,n,mean_error,std_error
1,540,307.89390575033804,14.934229591104554
