r,n,mean_error,std_error
1,1270,293.1018872211404,14.879224605953132
