r,n,mean_error,std_error
1,470,319.40995477907353,14.19124410260942
