r,n,mean_error,std_error
1,2160,284.95039887204314,14.923811710855468
