r,n,mean_error,std_error
1,2410,287.5833181680282,14.844019478941592
