r,n,mean_error,std_error
1,170,337.2611889219282,15.233116518478958
