r,n,mean_error,std_error
1,2280,285.5091811262065,14.881065898447059
