r,n,mean_error,std_error
1,1520,294.24064892740336,14.854374581455652
