r,n,mean_error,std_error
1,1870,342.6963143657835,15.049802156985184
