r,n,mean_error,std_error
1,1040,298.2869027921533,14.902956094321542
