r,n,mean_error,std_error
1,890,291.6973745347756,14.933818618095005
