r,n,mean_error,std_error
1,2330,285.36423511738565,14.700924242200431
