r,n,mean_error,std_error
1,2340,285.03382423133553,14.842875194362831
