r,n,mean_error,std_error
1,510,318.7768875023246,14.361229737551504
