r,n,mean_error,std_error
1,1440,290.6245475210628,14.67001231598994
