r,n,mean_error,std_error
1,2140,287.4250321003841,14.917145418393723
