r,n,mean_error,std_error
1,1210,292.43165749223914,14.91437020923928
