r,n,mean_error,std_error
1,710,300.95663226474386,15.409452920063085
