r,n,mean_error,std_error
1,1910,286.8001138946683,14.875521325620635
