r,n,mean_error,std_error
1,830,298.4283513739199,14.866048790353835
