r,n,mean_error,std_error
1,1250,293.29231613825357,14.909197314632575
