r,n,mean_error,std_error
1,1990,285.4775228205076,14.722089916144293
