r,n,mean_error,std_error
1,360,328.43452856813093,15.731697595201021
