r,n,mean_error,std_error
1,480,319.9920753928501,14.293561762732654
