r,n,mean_error,std_error
1,1280,292.75314798955395,14.960698752657718
