r,n,mean_error,std_error
1,1300,294.11241175714633,15.300429471246918
