r,n,mean_error,std_error
1,1130,291.47622375359003,14.811435062136407
