r,n,mean_error,std_error
1,430,326.63186330331257,14.452177982526246
