r,n,mean_error,std_error
1,1330,293.15415573058704,15.045259448383588
