r,n,mean_error,std_error
1,160,356.882683226157,15.76382991929692
