r,n,mean_error,std_error
1,350,345.7713811989939,14.64944014610882
