r,n,mean_error,std_error
1,1200,291.45381744173636,14.787858300135225
