r,n,mean_error,std_error
1,1730,288.76257763686255,14.714194684606584
