r,n,mean_error,std_error
1,1820,290.5421154065144,14.961834379830426
