r,n,mean_error,std_error
1,660,299.6275945698751,15.13219110328438
