r,n,mean_error,std_error
1,260,323.73152645111026,16.558374386358967
