r,n,mean_error,std_error
1,10,404.4687031472165,19.42319048105541
