r,n,mean_error,std_error
1,1390,292.7393667182657,15.010889865445169
