r,n,mean_error,std_error
1,2020,284.2809948837071,14.822163105687032
