r,n,mean_error,std_error
1,1900,287.4299062225198,15.04158162637615
