r,n,mean_error,std_error
1,400,320.10463325215886,14.201336454601329
