r,n,mean_error,std_error
1,2400,288.792598128314,14.860427395678501
