r,n,mean_error,std_error
1,720,303.74502385610884,15.209040477923777
