r,n,mean_error,std_error
1,450,309.787460965035,14.364624314266571
