r,n,mean_error,std_error
1,2300,289.55677461850195,15.048388673339348
