r,n,mean_error,std_error
1,200,325.5767513102019,16.778627477218116
