r,n,mean_error,std_error
1,1100,292.92498866970686,15.090146306572791
