r,n,mean_error,std_error
1,230,329.87469670841693,16.303893784597
