r,n,mean_error,std_error
1,990,290.9051339285919,14.787743428619361
