r,n,mean_error,std_error
1,1710,286.854612304473,14.781469137542812
