r,n,mean_error,std_error
1,1070,292.888923904032,14.646673157739095
