r,n,mean_error,std_error
1,2210,288.50004697874226,14.869104259561215
