r,n,mean_error,std_error
1,40,404.1546488316386,17.648929648010967
