r,n,mean_error,std_error
1,410,320.691615876692,14.341527551516576
