r,n,mean_error,std_error
1,420,303.5845695477442,14.839760482130723
