r,n,mean_error,std_error
1,750,297.79979681608546,15.315416247051179
