r,n,mean_error,std_error
1,1620,291.33713657335744,14.916094845448953
