r,n,mean_error,std_error
1,880,298.43618549003276,15.569995177644579
