r,n,mean_error,std_error
1,530,307.5162174824853,14.738793284368986
