r,n,mean_error,std_error
1,2050,287.5648173854786,14.871456232178012
