r,n,mean_error,std_error
1,1720,287.6330782226228,14.8961771947711
