r,n,mean_error,std_error
1,1380,296.5128005219975,15.213199614999574
