r,n,mean_error,std_error
1,930,290.6948972236935,15.081735271349382
