r,n,mean_error,std_error
1,1030,289.1036420831899,14.654383614617636
