r,n,mean_error,std_error
1,1320,292.5370209162527,15.054715876990427
