r,n,mean_error,std_error
1,730,299.90504980452323,15.333279205430355
