r,n,mean_error,std_error
1,2080,284.5324828218993,14.83164168796776
