r,n,mean_error,std_error
1,1220,293.4953645295359,14.83683670813336
