r,n,mean_error,std_error
1,1530,289.87263223903153,14.678191519926694
