r,n,mean_error,std_error
1,570,310.63940178395757,15.42951085296064
