r,n,mean_error,std_error
1,60,367.30554481744326,17.39926351352917
