r,n,mean_error,std_error
1,240,330.07112739034875,16.3366892687975
