r,n,mean_error,std_error
1,1160,294.5628052810065,14.970838246645377
