r,n,mean_error,std_error
1,2130,286.90300251969467,14.79964943779224
