r,n,mean_error,std_error
1,440,308.0132984455627,14.526705558778618
