r,n,mean_error,std_error
1,1690,287.50238460060075,14.76160564476872
