r,n,mean_error,std_error
1,1650,287.61859098814733,14.787378390800765
