r,n,mean_error,std_error
1,500,316.6136748689915,14.295855962744131
