r,n,mean_error,std_error
1,1560,288.06062688618124,14.504199634494384
