r,n,mean_error,std_error
1,1360,294.0300406610391,15.073403464997277
