r,n,mean_error,std_error
1,2230,284.6578799495309,14.83588384478769
