r,n,mean_error,std_error
1,2270,285.47949910213504,14.822414007864667
