r,n,mean_error,std_error
1,1970,288.3520113062412,14.996468840992593
