r,n,mean_error,std_error
1,1110,289.8120507142005,14.711888947848282
