r,n,mean_error,std_error
1,1180,298.38284691680275,14.98079937949114
