r,n,mean_error,std_error
1,670,298.94078256036545,15.310442785322078
