r,n,mean_error,std_error
1,90,480.9459687477423,16.309424759982402
