r,n,mean_error,std_error
1,1000,293.02428396812354,14.853656212828016
