r,n,mean_error,std_error
1,1470,290.32697604622905,14.734596570354865
