r,n,mean_error,std_error
1,1370,292.9302501225394,15.086961130540528
