r,n,mean_error,std_error
1,1570,292.49106280677904,15.026557379349637
