r,n,mean_error,std_error
1,640,300.6617054487261,14.985565199391312
