r,n,mean_error,std_error
1,900,291.0945963026949,14.889857017646097
