r,n,mean_error,std_error
1,1080,293.6911323246689,14.831960563581335
