r,n,mean_error,std_error
1,1450,293.43400152873687,14.541809319085711
