r,n,mean_error,std_error
1,1700,288.14227215497436,14.721619966501233
