r,n,mean_error,std_error
1,2320,284.9158833528892,14.702821871927386
