r,n,mean_error,std_error
1,280,321.5155682801203,16.44415611613798
