r,n,mean_error,std_error
1,1860,342.8069508025886,15.064951434789943
