r,n,mean_error,std_error
1,800,296.66276235861767,15.3865623131661
