r,n,mean_error,std_error
1,600,305.87181755613904,15.203024916582898
