r,n,mean_error,std_error
1,1230,295.12155772659975,14.956069826314206
