r,n,mean_error,std_error
1,1950,285.94234207779556,14.957472334595302
