r,n,mean_error,std_error
1,2240,283.78699597129645,14.820867181024683
