r,n,mean_error,std_error
1,2100,284.79346264833765,14.786843482818433
