r,n,mean_error,std_error
1,780,298.62147360539757,15.50038902614927
