r,n,mean_error,std_error
1,2120,289.9186915185236,14.837742862184891
