r,n,mean_error,std_error
1,2180,286.8453128398526,14.721236090445911
